file_changes,gitlog_path,filename
377,NEWS.md,NEWS.md
301,DESCRIPTION,DESCRIPTION
267,NAMESPACE,NAMESPACE
228,R/layer.r,layer.r
178,R/scale-.r,scale-.r
172,R/theme.r,theme.r
167,R/facet-grid-.r,facet-grid-.r
156,R/theme-defaults.r,theme-defaults.r
149,R/facet-wrap.r,facet-wrap.r
133,R/guide-legend.r,guide-legend.r
121,R/plot-render.r,plot-render.r
121,R/geom-boxplot.r,geom-boxplot.r
117,R/stat-bin.r,stat-bin.r
111,R/utilities.r,utilities.r
110,R/stat-smooth.r,stat-smooth.r
101,R/theme-elements.r,theme-elements.r
100,R/stat-summary.r,stat-summary.r
98,R/plot-build.r,plot-build.r
97,R/aes.r,aes.r
95,R/geom-text.r,geom-text.r
94,R/scales-.r,scales-.r
93,R/scale-discrete-.r,scale-discrete-.r
89,R/geom-path-.r,geom-path-.r
86,R/geom-segment.r,geom-segment.r
84,R/geom-point-.r,geom-point-.r
83,R/geom-.r,geom-.r
82,R/guide-colorbar.r,guide-colorbar.r
82,R/geom-smooth.r,geom-smooth.r
80,R/geom-dotplot.r,geom-dotplot.r
78,R/geom-tile.r,geom-tile.r
78,R/coord-polar.r,coord-polar.r
77,R/stat-density.r,stat-density.r
77,R/geom-abline.r,geom-abline.r
76,R/plot-construction.r,plot-construction.r
76,R/geom-violin.r,geom-violin.r
75,R/stat-contour.r,stat-contour.r
72,R/geom-bar-.r,geom-bar-.r
71,man/geom_boxplot.Rd,geom_boxplot.Rd
71,R/stat-boxplot.r,stat-boxplot.r
71,R/geom-vline.r,geom-vline.r
71,R/geom-hline.r,geom-hline.r
70,R/stat-ydensity.r,stat-ydensity.r
70,R/stat-density-2d.r,stat-density-2d.r
69,man/geom_histogram.Rd,geom_histogram.Rd
69,R/stat-bin2d.r,stat-bin2d.r
69,R/geom-polygon.r,geom-polygon.r
67,man/ggplot2-ggproto.Rd,ggplot2-ggproto.Rd
67,R/stat-quantile.r,stat-quantile.r
67,R/stat-function.r,stat-function.r
67,R/geom-ribbon-.r,geom-ribbon-.r
66,R/stat-qq.r,stat-qq.r
66,R/stat-.r,stat-.r
66,R/plot.r,plot.r
65,man/geom_bar.Rd,geom_bar.Rd
65,R/quick-plot.r,quick-plot.r
64,man/geom_text.Rd,geom_text.Rd
64,R/stat-sum.r,stat-sum.r
63,man/scale_gradient.Rd,scale_gradient.Rd
63,R/stat-binhex.r,stat-binhex.r
63,R/geom-linerange.r,geom-linerange.r
63,R/geom-hex.r,geom-hex.r
63,R/coord-cartesian-.r,coord-cartesian-.r
62,man/geom_path.Rd,geom_path.Rd
62,R/geom-rect.r,geom-rect.r
62,R/geom-raster.r,geom-raster.r
62,R/coord-map.r,coord-map.r
60,man/theme.Rd,theme.Rd
60,R/guides-.r,guides-.r
60,R/geom-rug.r,geom-rug.r
60,R/geom-crossbar.r,geom-crossbar.r
59,R/stat-bindot.r,stat-bindot.r
59,R/position-stack.r,position-stack.r
59,R/aaa-.r,aaa-.r
58,man/stat_summary.Rd,stat_summary.Rd
58,man/geom_smooth.Rd,geom_smooth.Rd
58,R/save.r,save.r
57,R/guides-legend.r,guides-legend.r
57,R/coord-.r,coord-.r
56,man/scale_continuous.Rd,scale_continuous.Rd
55,R/scale-date.r,scale-date.r
55,R/position-collide.r,position-collide.r
54,man/geom_tile.Rd,geom_tile.Rd
54,man/geom_density.Rd,geom_density.Rd
54,R/stat-summary-2d.r,stat-summary-2d.r
54,R/scale-identity.r,scale-identity.r
54,R/guides-axis.r,guides-axis.r
54,R/coord-transform.r,coord-transform.r
53,man/scale_brewer.Rd,scale_brewer.Rd
53,man/geom_segment.Rd,geom_segment.Rd
53,man/geom_ribbon.Rd,geom_ribbon.Rd
52,man/geom_violin.Rd,geom_violin.Rd
52,R/xxx.r,xxx.r
52,R/position-jitter.r,position-jitter.r
52,R/position-.r,position-.r
51,man/geom_point.Rd,geom_point.Rd
51,R/stat-summary-hex.r,stat-summary-hex.r
51,R/scale-continuous.r,scale-continuous.r
51,R/facet-.r,facet-.r
50,man/scale_date.Rd,scale_date.Rd
50,man/geom_linerange.Rd,geom_linerange.Rd
50,man/geom_contour.Rd,geom_contour.Rd
50,R/scale-manual.r,scale-manual.r
50,R/position-dodge.r,position-dodge.r
49,.travis.yml,.travis.yml
48,R/stat-ecdf.r,stat-ecdf.r
48,R/scale-size.r,scale-size.r
47,man/geom_bin2d.Rd,geom_bin2d.Rd
47,R/geom-pointrange.r,geom-pointrange.r
46,man/facet_grid.Rd,facet_grid.Rd
45,man/scale_hue.Rd,scale_hue.Rd
45,man/geom_quantile.Rd,geom_quantile.Rd
45,man/geom_dotplot.Rd,geom_dotplot.Rd
45,R/geom-quantile.r,geom-quantile.r
44,man/scale_size.Rd,scale_size.Rd
44,man/facet_wrap.Rd,facet_wrap.Rd
44,R/stat-ellipse.R,stat-ellipse.R
44,R/scale-continuous-.r,scale-continuous-.r
43,man/geom_rug.Rd,geom_rug.Rd
43,man/geom_jitter.Rd,geom_jitter.Rd
43,R/geom-path-step.r,geom-path-step.r
43,R/geom-map.r,geom-map.r
43,R/annotation-custom.r,annotation-custom.r
42,R/stat-identity.r,stat-identity.r
42,R/geom-blank.r,geom-blank.r
41,man/scale_grey.Rd,scale_grey.Rd
41,man/guide_legend.Rd,guide_legend.Rd
41,R/panel.r,panel.r
41,R/geom-path-line.r,geom-path-line.r
40,man/stat_function.Rd,stat_function.Rd
40,man/position_stack.Rd,position_stack.Rd
40,man/geom_hex.Rd,geom_hex.Rd
40,man/continuous_scale.Rd,continuous_scale.Rd
40,R/labels.r,labels.r
40,R/fortify-map.r,fortify-map.r
39,man/geom_polygon.Rd,geom_polygon.Rd
39,R/geom-bar-histogram.r,geom-bar-histogram.r
38,vignettes/extending-ggplot2.Rmd,extending-ggplot2.Rmd
38,man/geom_map.Rd,geom_map.Rd
38,man/geom_errorbarh.Rd,geom_errorbarh.Rd
38,man/geom_blank.Rd,geom_blank.Rd
38,man/geom_abline.Rd,geom_abline.Rd
38,_pkgdown.yml,_pkgdown.yml
38,R/scale-brewer.r,scale-brewer.r
38,R/geom-curve.r,geom-curve.r
38,R/annotation-raster.r,annotation-raster.r
38,R/annotation-logticks.r,annotation-logticks.r
37,man/position_dodge.Rd,position_dodge.Rd
37,man/discrete_scale.Rd,discrete_scale.Rd
37,R/stat-unique.r,stat-unique.r
36,man/guide_colourbar.Rd,guide_colourbar.Rd
36,R/geom-path-contour.r,geom-path-contour.r
36,R/facet-null.r,facet-null.r
36,R/facet-labels.r,facet-labels.r
35,man/stat_qq.Rd,stat_qq.Rd
35,man/scale_manual.Rd,scale_manual.Rd
35,R/geom-bar.r,geom-bar.r
35,R/coord-munch.r,coord-munch.r
35,R/annotation.r,annotation.r
34,man/stat_unique.Rd,stat_unique.Rd
34,man/stat_identity.Rd,stat_identity.Rd
34,man/position_jitter.Rd,position_jitter.Rd
34,man/labs.Rd,labs.Rd
34,R/stat-spoke.r,stat-spoke.r
34,R/sf.R,sf.R
34,R/scale-discrete-colour.r,scale-discrete-colour.r
34,R/scale-continuous-colour.r,scale-continuous-colour.r
34,R/geom-ribbon-density.r,geom-ribbon-density.r
34,R/geom-bin2d.r,geom-bin2d.r
34,.Rbuildignore,.Rbuildignore
33,man/scale_shape.Rd,scale_shape.Rd
33,man/scale_linetype.Rd,scale_linetype.Rd
33,README.md,README.md
33,R/scale-shape.r,scale-shape.r
33,R/scale-linetype.r,scale-linetype.r
33,R/annotation-map.r,annotation-map.r
32,man/scale_discrete.Rd,scale_discrete.Rd
32,man/qplot.Rd,qplot.Rd
32,man/layer.Rd,layer.Rd
32,man/ggsave.Rd,ggsave.Rd
32,man/aes.Rd,aes.Rd
32,R/scale-datetime.r,scale-datetime.r
32,R/position-fill.r,position-fill.r
32,R/layout.R,layout.R
32,R/ggplot2.r,ggplot2.r
32,CHANGELOG,CHANGELOG
31,man/ggplot.Rd,ggplot.Rd
31,man/geom_count.Rd,geom_count.Rd
31,R/stat-vline.r,stat-vline.r
30,tests/testthat/test-theme.r,test-theme.r
30,man/coord_map.Rd,coord_map.Rd
30,man/coord_fixed.Rd,coord_fixed.Rd
30,man/annotate.Rd,annotate.Rd
30,R/geom-path-density2d.r,geom-path-density2d.r
29,R/limits.r,limits.r
29,R/geom-path.r,geom-path.r
29,R/geom-errorbarh.r,geom-errorbarh.r
29,R/fortify.r,fortify.r
28,man/stat_smooth.Rd,stat_smooth.Rd
28,man/ggtheme.Rd,ggtheme.Rd
28,man/geom_density_2d.Rd,geom_density_2d.Rd
28,man/geom_density2d.Rd,geom_density2d.Rd
28,R/position-jitterdodge.R,position-jitterdodge.R
28,R/geom-freqpoly.r,geom-freqpoly.r
27,man/scale_gradient2.Rd,scale_gradient2.Rd
27,man/coord_trans.Rd,coord_trans.Rd
27,R/utilities-layer.r,utilities-layer.r
27,R/geom-point-jitter.r,geom-point-jitter.r
27,R/geom-defaults.r,geom-defaults.r
27,R/facet-layout.r,facet-layout.r
27,R/coord-flip.r,coord-flip.r
26,man/theme_update.Rd,theme_update.Rd
26,man/stat_ellipse.Rd,stat_ellipse.Rd
26,man/stat_ecdf.Rd,stat_ecdf.Rd
26,man/stat_density.Rd,stat_density.Rd
26,man/scale_identity.Rd,scale_identity.Rd
26,man/opts.Rd,opts.Rd
26,man/ggsf.Rd,ggsf.Rd
26,man/borders.Rd,borders.Rd
26,R/templates.r,templates.r
26,R/scale-gradient.r,scale-gradient.r
26,R/geom-error.r,geom-error.r
25,man/coord_polar.Rd,coord_polar.Rd
25,R/xxx-digest.r,xxx-digest.r
25,R/geom-errorbar.r,geom-errorbar.r
24,man/stat_sum.Rd,stat_sum.Rd
24,man/position_identity.Rd,position_identity.Rd
24,man/position_fill.Rd,position_fill.Rd
24,man/geom_vline.Rd,geom_vline.Rd
24,man/geom_line.Rd,geom_line.Rd
24,man/fortify.sp.Rd,fortify.sp.Rd
24,R/utilities-grid.r,utilities-grid.r
24,R/margins.R,margins.R
24,R/geom-ribbon.r,geom-ribbon.r
24,R/geom-point.r,geom-point.r
24,R/coordinates-cartesian-.r,coordinates-cartesian-.r
23,tests/testthat/test-facet-.r,test-facet-.r
23,man/stat_density2d.Rd,stat_density2d.Rd
23,man/stat_bin.Rd,stat_bin.Rd
23,man/print.ggplot.Rd,print.ggplot.Rd
23,man/labeller.Rd,labeller.Rd
23,man/guides.Rd,guides.Rd
23,man/ggplot_build.Rd,ggplot_build.Rd
23,man/gg-add.Rd,gg-add.Rd
23,man/cut_interval.Rd,cut_interval.Rd
23,man/coord_cartesian.Rd,coord_cartesian.Rd
23,README.Rmd,README.Rmd
23,R/position-identity.r,position-identity.r
23,R/geom-label.R,geom-label.R
23,R/geom-histogram.r,geom-histogram.r
23,R/fortify-spatial.r,fortify-spatial.r
23,R/coord-fixed.r,coord-fixed.r
22,tests/testthat/test-stat-bin.R,test-stat-bin.R
22,man/stat_summary_2d.Rd,stat_summary_2d.Rd
22,man/stat_quantile.Rd,stat_quantile.Rd
22,man/stat_contour.Rd,stat_contour.Rd
22,man/stat_boxplot.Rd,stat_boxplot.Rd
22,man/stat_binhex.Rd,stat_binhex.Rd
22,man/stat_bin2d.Rd,stat_bin2d.Rd
22,man/label_bquote.Rd,label_bquote.Rd
22,man/fortify.lm.Rd,fortify.lm.Rd
22,man/aes_colour_fill_alpha.Rd,aes_colour_fill_alpha.Rd
22,R/zxx.r,zxx.r
22,R/labeller.r,labeller.r
22,R/axis-secondary.R,axis-secondary.R
22,R/aaa-rdoc.r,aaa-rdoc.r
21,tests/testthat/test-scales.r,test-scales.r
21,tests/testthat/test-guides.R,test-guides.R
21,tests/testthat/test-aes.r,test-aes.r
21,man/stat_ydensity.Rd,stat_ydensity.Rd
21,man/scale_gradientn.Rd,scale_gradientn.Rd
21,man/geom_pointrange.Rd,geom_pointrange.Rd
21,man/geom_hline.Rd,geom_hline.Rd
21,man/geom_errorbar.Rd,geom_errorbar.Rd
21,man/geom_area.Rd,geom_area.Rd
21,load.r,load.r
21,cran-comments.md,cran-comments.md
21,R/zzz.r,zzz.r
21,R/utilities-help.r,utilities-help.r
21,R/scale-hue.r,scale-hue.r
21,R/scale-discrete-position.r,scale-discrete-position.r
21,R/position-nudge.R,position-nudge.R
21,R/geom-errorh.r,geom-errorh.r
20,man/scale_datetime.Rd,scale_datetime.Rd
20,man/map_data.Rd,map_data.Rd
20,man/geom_step.Rd,geom_step.Rd
20,man/geom_rect.Rd,geom_rect.Rd
20,man/geom_raster.Rd,geom_raster.Rd
20,man/fortify.map.Rd,fortify.map.Rd
20,man/annotation_logticks.Rd,annotation_logticks.Rd
20,man/annotation_custom.Rd,annotation_custom.Rd
20,R/stat-smooth-methods.r,stat-smooth-methods.r
20,R/scale-gradient2.r,scale-gradient2.r
20,R/scale-alpha.r,scale-alpha.r
19,man/stat_summary_hex.Rd,stat_summary_hex.Rd
19,man/stat_spoke.Rd,stat_spoke.Rd
19,man/geom_spoke.Rd,geom_spoke.Rd
19,man/geom_crossbar.Rd,geom_crossbar.Rd
19,man/diamonds.Rd,diamonds.Rd
19,man/aes_group_order.Rd,aes_group_order.Rd
19,inst/tests/test-scales.r,test-scales.r
19,R/utilities-break.r,utilities-break.r
19,R/geom-density2d.r,geom-density2d.r
19,R/geom-contour.r,geom-contour.r
19,R/coordinates-polar.r,coordinates-polar.r
19,R/aaa-html.r,aaa-html.r
18,tests/testthat/test-layer.r,test-layer.r
18,man/ggplot_gtable.Rd,ggplot_gtable.Rd
18,man/economics.Rd,economics.Rd
18,man/coord_flip.Rd,coord_flip.Rd
18,man/aes_string.Rd,aes_string.Rd
18,man/aes_linetype_size_shape.Rd,aes_linetype_size_shape.Rd
18,R/utilities-table.r,utilities-table.r
18,R/scale-gradientn.r,scale-gradientn.r
18,R/fortify-lm.r,fortify-lm.r
17,tests/testthat/test-scales-breaks-labels.r,test-scales-breaks-labels.r
17,man/theme_blank.Rd,theme_blank.Rd
17,man/stat_vline.Rd,stat_vline.Rd
17,man/stat_summary2d.Rd,stat_summary2d.Rd
17,man/stat_hline.Rd,stat_hline.Rd
17,man/scale_alpha.Rd,scale_alpha.Rd
17,man/msleep.Rd,msleep.Rd
17,man/mpg.Rd,mpg.Rd
17,man/midwest.Rd,midwest.Rd
17,man/labellers.Rd,labellers.Rd
17,man/ignore.rd,ignore.rd
17,man/ggplot2-package.Rd,ggplot2-package.Rd
17,man/expand_limits.Rd,expand_limits.Rd
17,inst/tests/test-stats.r,test-stats.r
17,R/utilities-matrix.r,utilities-matrix.r
17,R/trans-scales.r,trans-scales.r
17,R/scale-discrete-grey.r,scale-discrete-grey.r
17,R/grob-grid.r,grob-grid.r
17,R/grob-absolute.r,grob-absolute.r
17,R/geom-density.r,geom-density.r
16,man/translate_qplot_lattice.Rd,translate_qplot_lattice.Rd
16,man/stat_abline.Rd,stat_abline.Rd
16,man/presidential.Rd,presidential.Rd
16,man/position_jitterdodge.Rd,position_jitterdodge.Rd
16,man/geom_freqpoly.Rd,geom_freqpoly.Rd
16,man/geom_bar.rd,geom_bar.rd
16,man/fortify.Rd,fortify.Rd
16,man/annotation_raster.Rd,annotation_raster.Rd
16,man/annotation_map.Rd,annotation_map.Rd
16,man/aes_position.Rd,aes_position.Rd
16,man/absoluteGrob.Rd,absoluteGrob.Rd
16,inst/tests/test-scales-breaks-labels.r,test-scales-breaks-labels.r
16,R/utilities-colour.r,utilities-colour.r
16,R/trans-.r,trans-.r
16,R/summary.r,summary.r
16,R/stat-summary-bin.R,stat-summary-bin.R
16,R/scale-grey.r,scale-grey.r
16,R/legend-draw.r,legend-draw.r
16,R/ggproto.r,ggproto.r
16,R/facet-locate.r,facet-locate.r
16,R/coordinates-transform.r,coordinates-transform.r
15,tests/testthat/test-function-args.r,test-function-args.r
15,man/summary.ggplot.Rd,summary.ggplot.Rd
15,man/scale_viridis.Rd,scale_viridis.Rd
15,man/limits.Rd,limits.Rd
15,man/ggplot.data.frame.Rd,ggplot.data.frame.Rd
15,man/geom_path.rd,geom_path.rd
15,man/geom_line.rd,geom_line.rd
15,man/geom_histogram.rd,geom_histogram.rd
15,man/fortify-multcomp.Rd,fortify-multcomp.Rd
15,man/draw_key.Rd,draw_key.Rd
15,R/aes-group-order.r,aes-group-order.r
15,R/aaa-examples.r,aaa-examples.r
14,revdep/README.md,README.md
14,man/update_labels.Rd,update_labels.Rd
14,man/stat_bindot.Rd,stat_bindot.Rd
14,man/sec_axis.Rd,sec_axis.Rd
14,man/seals.Rd,seals.Rd
14,man/scale_hue.rd,scale_hue.rd
14,man/mean_se.Rd,mean_se.Rd
14,man/last_plot.Rd,last_plot.Rd
14,man/label_value.Rd,label_value.Rd
14,man/geom_point.rd,geom_point.rd
14,man/facet_null.Rd,facet_null.Rd
14,man/facet_grid.rd,facet_grid.rd
14,man/element.Rd,element.Rd
14,man/aes_all.Rd,aes_all.Rd
14,R/utilities-geoms.r,utilities-geoms.r
14,R/stat-count.r,stat-count.r
14,R/proto2.r,proto2.r
14,R/matrix.r,matrix.r
14,R/coordinates-map.r,coordinates-map.r
14,R/autoplot.r,autoplot.r
14,R/aes-colour-fill-alpha.r,aes-colour-fill-alpha.r
13,revdep/check.R,check.R
13,man/zeroGrob.Rd,zeroGrob.Rd
13,man/update_element.Rd,update_element.Rd
13,man/stat_smooth.rd,stat_smooth.rd
13,man/scale_identity.rd,scale_identity.rd
13,man/scale_gradient.rd,scale_gradient.rd
13,man/scale_discrete.rd,scale_discrete.rd
13,man/scale_area.Rd,scale_area.Rd
13,man/label_parsed.Rd,label_parsed.Rd
13,man/label_both.Rd,label_both.Rd
13,man/gg_dep.Rd,gg_dep.Rd
13,man/geom_ribbon.rd,geom_ribbon.rd
13,man/geom_qq.Rd,geom_qq.Rd
13,man/geom_hline.rd,geom_hline.rd
13,man/geom_errorbar.rd,geom_errorbar.rd
13,man/geom_boxplot.rd,geom_boxplot.rd
13,man/geom_abline.rd,geom_abline.rd
13,man/autoplot.Rd,autoplot.Rd
13,man/aes_.Rd,aes_.Rd
13,R/options.r,options.r
13,R/grob-null.r,grob-null.r
13,R/geom-point-count.r,geom-point-count.r
13,R/geom-interval-bar.r,geom-interval-bar.r
13,R/coordinates-cartesian-equal.r,coordinates-cartesian-equal.r
13,R/coord-cartesian-equal.r,coord-cartesian-equal.r
13,R/aes-calculated.r,aes-calculated.r
12,tests/testthat/test-sec-axis.R,test-sec-axis.R
12,tests/testthat/test-geom-sf.R,test-geom-sf.R
12,tests/testthat/test-coord-polar.r,test-coord-polar.r
12,tests/testthat/helper-plot-data.r,helper-plot-data.r
12,tests/figs/guides/facet-grid-legend-on-top.svg,facet-grid-legend-on-top.svg
12,tests/figs/guides/facet-grid-legend-on-bottom.svg,facet-grid-legend-on-bottom.svg
12,tests/figs/deps.txt,deps.txt
12,revdep/problems.md,problems.md
12,man/theme_grey.Rd,theme_grey.Rd
12,man/theme_bw.Rd,theme_bw.Rd
12,man/scale_brewer.rd,scale_brewer.rd
12,man/rweave.Rd,rweave.Rd
12,man/hmisc.Rd,hmisc.Rd
12,man/ggscale.Rd,ggscale.Rd
12,man/ggplot2.Rd,ggplot2.Rd
12,man/ggplot-add.Rd,ggplot-add.Rd
12,man/ggpcp.Rd,ggpcp.Rd
12,man/ggmissing.Rd,ggmissing.Rd
12,man/ggfluctuation.Rd,ggfluctuation.Rd
12,man/geom_vline.rd,geom_vline.rd
12,man/geom_jitter.rd,geom_jitter.rd
12,man/element_line.Rd,element_line.Rd
12,man/cweave.Rd,cweave.Rd
12,man/calc_element.Rd,calc_element.Rd
12,man/benchplot.Rd,benchplot.Rd
12,inst/staticdocs/index.r,index.r
12,R/xxx-codegen.r,xxx-codegen.r
12,R/translate-qplot-lattice.r,translate-qplot-lattice.r
12,R/scale-convenience.r,scale-convenience.r
12,R/geom-count.r,geom-count.r
12,R/facet-viewports.r,facet-viewports.r
12,R/bench.r,bench.r
11,vignettes/ggplot2-specs.Rmd,ggplot2-specs.Rmd
11,tests/figs/guides/padding-in-legend-box.svg,padding-in-legend-box.svg
11,tests/figs/guides/legend-inside-plot-top-right.svg,legend-inside-plot-top-right.svg
11,tests/figs/guides/legend-inside-plot-centered.svg,legend-inside-plot-centered.svg
11,tests/figs/guides/legend-inside-plot-bottom-left.svg,legend-inside-plot-bottom-left.svg
11,tests/figs/guides/legend-inside-plot-bottom-left-of-legend-at-center.svg,legend-inside-plot-bottom-left-of-legend-at-center.svg
11,tests/figs/guides/facet-wrap-legend-on-top.svg,facet-wrap-legend-on-top.svg
11,tests/figs/guides/facet-wrap-legend-on-bottom.svg,facet-wrap-legend-on-bottom.svg
11,tests/figs/guides/facet-grid-legend-on-right.svg,facet-grid-legend-on-right.svg
11,tests/figs/guides/facet-grid-legend-on-left.svg,facet-grid-legend-on-left.svg
11,tests/figs/geom-dotplot/facets-3-groups-histodot-stackgroups.svg,facets-3-groups-histodot-stackgroups.svg
11,staticdocs.r,staticdocs.r
11,man/translate_qplot_ggplot.Rd,translate_qplot_ggplot.Rd
11,man/translate_qplot_base.Rd,translate_qplot_base.Rd
11,man/stat_bin.rd,stat_bin.rd
11,man/scale_manual.rd,scale_manual.rd
11,man/scale_grey.rd,scale_grey.rd
11,man/scale_gradient2.rd,scale_gradient2.rd
11,man/scale_continuous.rd,scale_continuous.rd
11,man/resolution.Rd,resolution.Rd
11,man/movies.Rd,movies.Rd
11,man/is.facet.Rd,is.facet.Rd
11,man/interleave.Rd,interleave.Rd
11,man/geom_step.rd,geom_step.rd
11,man/geom_smooth.rd,geom_smooth.rd
11,man/geom_linerange.rd,geom_linerange.rd
11,man/geom_crossbar.rd,geom_crossbar.rd
11,man/geom_contour.rd,geom_contour.rd
11,man/facet.Rd,facet.Rd
11,man/element_text.Rd,element_text.Rd
11,man/coord_map.rd,coord_map.rd
11,man/add_theme.Rd,add_theme.Rd
11,R/theme-current.R,theme-current.R
11,R/guides-grid.r,guides-grid.r
11,R/grob-dotstack.r,grob-dotstack.r
11,R/geom-spoke.r,geom-spoke.r
11,R/geom-jitter.r,geom-jitter.r
11,R/aaa-top-level.r,aaa-top-level.r
11,R/aaa-compare.r,aaa-compare.r
10,visual_test/guide-position.r,guide-position.r
10,tests/testthat/test-stats.r,test-stats.r
10,tests/testthat/test-coord_sf.R,test-coord_sf.R
10,tests/testthat/test-boxplot.r,test-boxplot.r
10,tests/testthat/test-aes-grouping.r,test-aes-grouping.r
10,tests/figs/themes/theme-void-large.svg,theme-void-large.svg
10,tests/figs/themes/axes-styling.svg,axes-styling.svg
10,tests/figs/guides/legend-on-top.svg,legend-on-top.svg
10,tests/figs/guides/legend-on-bottom.svg,legend-on-bottom.svg
10,tests/figs/guides/facet-wrap-legend-on-right.svg,facet-wrap-legend-on-right.svg
10,tests/figs/guides/facet-wrap-legend-on-left.svg,facet-wrap-legend-on-left.svg
10,tests/figs/geom-violin/grouping-on-x-and-fill.svg,grouping-on-x-and-fill.svg
10,tests/figs/geom-violin/grouping-on-x-and-fill-dodge-width-0-5.svg,grouping-on-x-and-fill-dodge-width-0-5.svg
10,tests/figs/geom-violin/dodging.svg,dodging.svg
10,tests/figs/geom-violin/dodging-and-coord-flip.svg,dodging-and-coord-flip.svg
10,tests/figs/geom-polygon/stat-density2d-with-paths.svg,stat-density2d-with-paths.svg
10,tests/figs/geom-polygon/stat-density2d-with-filled-polygons.svg,stat-density2d-with-filled-polygons.svg
10,man/update_defaults.Rd,update_defaults.Rd
10,man/stat_summary.rd,stat_summary.rd
10,man/stat_quantile.rd,stat_quantile.rd
10,man/stat_qq.rd,stat_qq.rd
10,man/stat_contour.rd,stat_contour.rd
10,man/should_stop.Rd,should_stop.Rd
10,man/rel.Rd,rel.Rd
10,man/is.theme.Rd,is.theme.Rd
10,man/is.rel.Rd,is.rel.Rd
10,man/is.ggplot.Rd,is.ggplot.Rd
10,man/ggstructure.Rd,ggstructure.Rd
10,man/geom_tile.rd,geom_tile.rd
10,man/geom_text.rd,geom_text.rd
10,man/geom_segment.rd,geom_segment.rd
10,man/geom_quantile.rd,geom_quantile.rd
10,man/geom_polygon.rd,geom_polygon.rd
10,man/geom_pointrange.rd,geom_pointrange.rd
10,man/geom_density.rd,geom_density.rd
10,man/geom_area.rd,geom_area.rd
10,man/coord_trans.rd,coord_trans.rd
10,man/coord.Rd,coord.Rd
10,inst/tests/test-build.r,test-build.r
10,R/utilities-resolution.r,utilities-resolution.r
10,R/scale-type.R,scale-type.R
10,R/position-dodge2.r,position-dodge2.r
10,R/guides-strip.r,guides-strip.r
10,R/geom-sf.R,geom-sf.R
10,R/fortify-multcomp.r,fortify-multcomp.r
10,R/data.R,data.R
10,R/coord-quickmap.R,coord-quickmap.R
10,R/bin.R,bin.R
10,R/aes-linetype-size-shape.r,aes-linetype-size-shape.r
9,visual_test/guide-axis.r,guide-axis.r
9,tests/testthat/test-stats-function.r,test-stats-function.r
9,tests/testthat/test-scale-manual.r,test-scale-manual.r
9,tests/testthat/test-scale-discrete.R,test-scale-discrete.R
9,tests/testthat/test-position-stack.R,test-position-stack.R
9,tests/testthat/test-labels.r,test-labels.r
9,tests/testthat/test-geom-violin.R,test-geom-violin.R
9,tests/testthat/test-facet-labels.r,test-facet-labels.r
9,tests/testthat/test-empty-data.r,test-empty-data.r
9,tests/testthat/test-aes-setting.r,test-aes-setting.r
9,tests/figs/themes/theme-gray-large.svg,theme-gray-large.svg
9,tests/figs/stat-sum/summary-with-color-and-lines.svg,summary-with-color-and-lines.svg
9,tests/figs/sec-axis/sec-axis-skewed-transform.svg,sec-axis-skewed-transform.svg
9,tests/figs/guides/legend-on-right.svg,legend-on-right.svg
9,tests/figs/guides/legend-on-left.svg,legend-on-left.svg
9,tests/figs/geom-raster/irregular-categorical.svg,irregular-categorical.svg
9,tests/figs/geom-raster/3-x-2.svg,3-x-2.svg
9,tests/figs/geom-raster/3-x-2-set-limits.svg,3-x-2-set-limits.svg
9,tests/figs/geom-raster/3-x-2-just-0-0.svg,3-x-2-just-0-0.svg
9,tests/figs/geom-raster/3-x-1.svg,3-x-1.svg
9,tests/figs/geom-raster/3-x-1-set-limits.svg,3-x-1-set-limits.svg
9,tests/figs/geom-raster/3-x-1-just-0-0.svg,3-x-1-just-0-0.svg
9,tests/figs/geom-raster/1-x-3.svg,1-x-3.svg
9,tests/figs/geom-raster/1-x-3-set-limits.svg,1-x-3-set-limits.svg
9,tests/figs/geom-raster/1-x-3-just-0-0.svg,1-x-3-just-0-0.svg
9,tests/figs/geom-path/lines-colour.svg,lines-colour.svg
9,tests/figs/geom-path/lines-colour-with-changed-data-order-should-have-same-appearance.svg,lines-colour-with-changed-data-order-should-have-same-appearance.svg
9,tests/figs/geom-dotplot/stackgroups-with-3-groups-bin-y-histodot.svg,stackgroups-with-3-groups-bin-y-histodot.svg
9,tests/figs/geom-dotplot/multiple-groups-bins-not-aligned.svg,multiple-groups-bins-not-aligned.svg
9,tests/figs/geom-dotplot/multiple-groups-bins-aligned.svg,multiple-groups-bins-aligned.svg
9,tests/figs/geom-dotplot/bin-y-three-x-groups-fill-and-dodge.svg,bin-y-three-x-groups-fill-and-dodge.svg
9,tests/figs/geom-dotplot/bin-y-dodging-3-stackgroups-histodot-currently-broken.svg,bin-y-dodging-3-stackgroups-histodot-currently-broken.svg
9,tests/figs/geom-dotplot/bin-y-dodged.svg,bin-y-dodged.svg
9,tests/figs/geom-dotplot/bin-y-dodged-coord-flip.svg,bin-y-dodged-coord-flip.svg
9,tests/figs/geom-boxplot/outlier-colours.svg,outlier-colours.svg
9,tests/figs/creating-aesthetic-mappings/alpha-set-in-colour.svg,alpha-set-in-colour.svg
9,tests/figs/creating-aesthetic-mappings/alpha-set-in-alpha.svg,alpha-set-in-alpha.svg
9,tests/figs/coord-polar/rays-circular-arcs-and-spiral-arcs.svg,rays-circular-arcs-and-spiral-arcs.svg
9,templates/index.html,index.html
9,revdep/checks.rds,checks.rds
9,man/stat_sum.rd,stat_sum.rd
9,man/scale_size_area.Rd,scale_size_area.Rd
9,man/scale_size.rd,scale_size.rd
9,man/scale_date.rd,scale_date.rd
9,man/position_nudge.Rd,position_nudge.Rd
9,man/position_jitter.rd,position_jitter.rd
9,man/plotmatrix.Rd,plotmatrix.Rd
9,man/ggplotGrob.Rd,ggplotGrob.Rd
9,man/ggorder.Rd,ggorder.Rd
9,man/geom_rug.rd,geom_rug.rd
9,man/facet_wrap.rd,facet_wrap.rd
9,man/element_rect.Rd,element_rect.Rd
9,man/cut_number.Rd,cut_number.Rd
9,man/coord_polar.rd,coord_polar.rd
9,man/coord_flip.rd,coord_flip.rd
9,man/coord_equal.rd,coord_equal.rd
9,man/coord_cartesian.rd,coord_cartesian.rd
9,man/aes_auto.Rd,aes_auto.Rd
9,inst/tests/test-theme.r,test-theme.r
9,R/utilities-position.r,utilities-position.r
9,R/scale-area.r,scale-area.r
9,R/date-time.r,date-time.r
9,R/coordinates-.r,coordinates-.r
9,R/coord-sf.R,coord-sf.R
9,R/aes-position.r,aes-position.r
9,.gitignore,.gitignore
8,vignettes/development.Rmd,development.Rmd
8,tests/testthat/test-utilities.r,test-utilities.r
8,tests/testthat/test-geom-smooth.R,test-geom-smooth.R
8,tests/testthat/test-geom-boxplot.R,test-geom-boxplot.R
8,tests/testthat/test-fortify.r,test-fortify.r
8,tests/testthat/test-facet-layout.r,test-facet-layout.r
8,tests/testthat/test-dotplot.r,test-dotplot.r
8,tests/testthat/test-data.r,test-data.r
8,tests/testthat/test-build.r,test-build.r
8,tests/testthat/helper-vdiffr.R,helper-vdiffr.R
8,tests/figs/themes/theme-void.svg,theme-void.svg
8,tests/figs/themes/theme-minimal-large.svg,theme-minimal-large.svg
8,tests/figs/themes/theme-linedraw-large.svg,theme-linedraw-large.svg
8,tests/figs/themes/theme-light-large.svg,theme-light-large.svg
8,tests/figs/themes/theme-gray.svg,theme-gray.svg
8,tests/figs/themes/theme-dark-large.svg,theme-dark-large.svg
8,tests/figs/themes/theme-classic-large.svg,theme-classic-large.svg
8,tests/figs/themes/theme-bw-large.svg,theme-bw-large.svg
8,tests/figs/themes/height-is-3-times-width-2x2-facets.svg,height-is-3-times-width-2x2-facets.svg
8,tests/figs/themes/height-is-3-times-width-2-row-facets.svg,height-is-3-times-width-2-row-facets.svg
8,tests/figs/scales-breaks-and-labels/no-size-breaks-no-legend.svg,no-size-breaks-no-legend.svg
8,tests/figs/scales-breaks-and-labels/no-fill-breaks-no-legend.svg,no-fill-breaks-no-legend.svg
8,tests/figs/scales-breaks-and-labels/no-colour-breaks-no-legend.svg,no-colour-breaks-no-legend.svg
8,tests/figs/scales-breaks-and-labels/no-alpha-breaks-no-legend.svg,no-alpha-breaks-no-legend.svg
8,tests/figs/geom-dotplot/stackgroups-with-3-groups-histodot.svg,stackgroups-with-3-groups-histodot.svg
8,tests/figs/geom-dotplot/stackgroups-with-3-groups-dot-density-with-aligned-bins.svg,stackgroups-with-3-groups-dot-density-with-aligned-bins.svg
8,man/xylim.Rd,xylim.Rd
8,man/txhousing.Rd,txhousing.Rd
8,man/theme_rect.Rd,theme_rect.Rd
8,man/theme_line.Rd,theme_line.Rd
8,man/stat_spoke.rd,stat_spoke.rd
8,man/stat_density.rd,stat_density.rd
8,man/stat_boxplot.rd,stat_boxplot.rd
8,man/scale_shape.rd,scale_shape.rd
8,man/scale_linetype.rd,scale_linetype.rd
8,man/scale_gradientn.rd,scale_gradientn.rd
8,man/scale_colour_gradientn.Rd,scale_colour_gradientn.Rd
8,man/scale_alpha_continuous.Rd,scale_alpha_continuous.Rd
8,man/reexports.Rd,reexports.Rd
8,man/position_stack.rd,position_stack.rd
8,man/position_dodge.rd,position_dodge.rd
8,man/lims.Rd,lims.Rd
8,man/graphical-units.Rd,graphical-units.Rd
8,man/ggsave-ao.rd,ggsave-ao.rd
8,man/geom_blank.rd,geom_blank.rd
8,man/bin-xb.rd,bin-xb.rd
8,man/as_labeller.Rd,as_labeller.Rd
8,man/aes-s3.rd,aes-s3.rd
8,inst/tests/test-facet-layout.r,test-facet-layout.r
8,data/msleep.rda,msleep.rda
8,R/translate-qplot-base.r,translate-qplot-base.r
8,R/stat-qq-line.R,stat-qq-line.R
8,R/guides.r,guides.r
8,R/geom-interval-boxplot.r,geom-interval-boxplot.r
7,visual_test/themes.r,themes.r
7,visual_test/scale-date.r,scale-date.r
7,visual_test/minor-breaks.r,minor-breaks.r
7,visual_test/geom-raster.r,geom-raster.r
7,visual_test/dotplot.r,dotplot.r
7,tests/testthat/test-geom-path.R,test-geom-path.R
7,tests/testthat/test-geom-dotplot.R,test-geom-dotplot.R
7,tests/testthat/test-facet-strips.r,test-facet-strips.r
7,tests/testthat/test-facet-map.r,test-facet-map.r
7,tests/testthat/test-annotate.r,test-annotate.r
7,tests/figs/themes/theme-minimal.svg,theme-minimal.svg
7,tests/figs/themes/theme-linedraw.svg,theme-linedraw.svg
7,tests/figs/themes/theme-light.svg,theme-light.svg
7,tests/figs/themes/theme-dark.svg,theme-dark.svg
7,tests/figs/themes/theme-classic.svg,theme-classic.svg
7,tests/figs/themes/theme-bw.svg,theme-bw.svg
7,tests/figs/stat-sum/summary-with-crossbars-no-grouping.svg,summary-with-crossbars-no-grouping.svg
7,tests/figs/stat-sum/summary-with-crossbars-manual-grouping.svg,summary-with-crossbars-manual-grouping.svg
7,tests/figs/scale-date/scale-y-date-breaks-date-breaks-2-weeks.svg,scale-y-date-breaks-date-breaks-2-weeks.svg
7,tests/figs/scale-date/scale-y-date-breaks-3-weeks.svg,scale-y-date-breaks-3-weeks.svg
7,tests/figs/scale-date/scale-x-date-labels-date-format-w-week.svg,scale-x-date-labels-date-format-w-week.svg
7,tests/figs/scale-date/scale-x-date-labels-date-format-m-d.svg,scale-x-date-labels-date-format-m-d.svg
7,tests/figs/scale-date/scale-x-date-breaks-date-breaks-2-weeks.svg,scale-x-date-breaks-date-breaks-2-weeks.svg
7,tests/figs/scale-date/scale-x-date-breaks-3-weeks.svg,scale-x-date-breaks-3-weeks.svg
7,tests/figs/scale-date/dates-along-y-default-breaks.svg,dates-along-y-default-breaks.svg
7,tests/figs/scale-date/dates-along-x-default-breaks.svg,dates-along-x-default-breaks.svg
7,tests/figs/guides/align-facet-labels-facets-vertical.svg,align-facet-labels-facets-vertical.svg
7,tests/figs/geom-hline-vline-abline/flipped-lines-intersect-mid-bars.svg,flipped-lines-intersect-mid-bars.svg
7,tests/figs/geom-hline-vline-abline/cartesian-lines-intersect-mid-bars.svg,cartesian-lines-intersect-mid-bars.svg
7,tests/figs/geom-dotplot/bin-along-y-stack-centerwhole.svg,bin-along-y-stack-centerwhole.svg
7,tests/figs/geom-dotplot/bin-along-y-stack-centerwhole-histodot.svg,bin-along-y-stack-centerwhole-histodot.svg
7,tests/figs/geom-dotplot/bin-along-y-stack-center.svg,bin-along-y-stack-center.svg
7,tests/figs/geom-dotplot/2-na-values-bin-along-y-stack-center.svg,2-na-values-bin-along-y-stack-center.svg
7,tests/figs/facet-strips/switched-facet-strips.svg,switched-facet-strips.svg
7,tests/figs/creating-aesthetic-mappings/stat-identity.svg,stat-identity.svg
7,tests/figs/creating-aesthetic-mappings/stat-identity-width-0-5.svg,stat-identity-width-0-5.svg
7,tests/figs/creating-aesthetic-mappings/stat-count.svg,stat-count.svg
7,tests/figs/creating-aesthetic-mappings/stat-count-width-0-5.svg,stat-count-width-0-5.svg
7,tests/figs/coord-polar/secondary-axis-ticks-and-labels.svg,secondary-axis-ticks-and-labels.svg
7,revdep/summary.md,summary.md
7,man/ylim.Rd,ylim.Rd
7,man/xlim.Rd,xlim.Rd
7,man/waiver.Rd,waiver.Rd
7,man/update-geom-defaults-1v.rd,update-geom-defaults-1v.rd
7,man/translate_qplot_gpl.Rd,translate_qplot_gpl.Rd
7,man/theme_text.Rd,theme_text.Rd
7,man/theme_segment.Rd,theme_segment.Rd
7,man/theme_get.Rd,theme_get.Rd
7,man/theme-bw-pq.rd,theme-bw-pq.rd
7,man/stat_function.rd,stat_function.rd
7,man/scale_x_discrete.Rd,scale_x_discrete.Rd
7,man/scale_colour_gradient.Rd,scale_colour_gradient.Rd
7,man/scale_alpha_discrete.Rd,scale_alpha_discrete.Rd
7,man/position_identity.rd,position_identity.rd
7,man/position_fill.rd,position_fill.rd
7,man/luv_colours.Rd,luv_colours.Rd
7,man/is.coord.Rd,is.coord.Rd
7,man/ggproto.Rd,ggproto.Rd
7,man/geom_hex.rd,geom_hex.rd
7,man/geom_freqpoly.rd,geom_freqpoly.rd
7,man/geom_density2d.rd,geom_density2d.rd
7,man/geom_curve.Rd,geom_curve.Rd
7,man/element_blank.Rd,element_blank.Rd
7,man/coord_quickmap.Rd,coord_quickmap.Rd
7,man/coord_expand_defaults.Rd,coord_expand_defaults.Rd
7,man/check-required-aesthetics-3l.rd,check-required-aesthetics-3l.rd
7,man/annotate-kz.rd,annotate-kz.rd
7,inst/tests/test-aes-grouping.r,test-aes-grouping.r
7,R/utilities-facet.r,utilities-facet.r
7,R/translate-qplot-ggplot.r,translate-qplot-ggplot.r
7,R/scale-time.r,scale-time.r
7,R/plot-surrounds.r,plot-surrounds.r
7,R/plot-last.r,plot-last.r
7,R/geom-col.r,geom-col.r
7,R/coordinates-cartesian-flipped.r,coordinates-cartesian-flipped.r
7,R/coord-cartesian-flipped.r,coord-cartesian-flipped.r
7,ANNOUNCE,ANNOUNCE
6,visual_test/violin.r,violin.r
6,visual_test/coord-polar.r,coord-polar.r
6,vignettes/releases/ggplot2-2.2.0.Rmd,ggplot2-2.2.0.Rmd
6,tests/testthat/test-stat-sum.R,test-stat-sum.R
6,tests/testthat/test-stat-bin2d.R,test-stat-bin2d.R
6,tests/testthat/test-position-dodge2.R,test-position-dodge2.R
6,tests/testthat/test-ggsave.R,test-ggsave.R
6,tests/testthat/test-geom-hline-vline-abline.R,test-geom-hline-vline-abline.R
6,tests/testthat/test-coord-train.r,test-coord-train.r
6,tests/figs/themes/width-is-3-times-height.svg,width-is-3-times-height.svg
6,tests/figs/themes/height-is-3-times-width.svg,height-is-3-times-width.svg
6,tests/figs/themes/height-is-3-times-width-2-wrap-facets.svg,height-is-3-times-width-2-wrap-facets.svg
6,tests/figs/themes/height-is-3-times-width-2-column-facets.svg,height-is-3-times-width-2-column-facets.svg
6,tests/figs/scales-breaks-and-labels/no-y-breaks.svg,no-y-breaks.svg
6,tests/figs/scales-breaks-and-labels/no-x-breaks.svg,no-x-breaks.svg
6,tests/figs/guides/align-facet-labels-facets-horizontal.svg,align-facet-labels-facets-horizontal.svg
6,tests/figs/geom-violin/with-tails-and-points.svg,with-tails-and-points.svg
6,tests/figs/geom-violin/with-smaller-bandwidth-and-points.svg,with-smaller-bandwidth-and-points.svg
6,tests/figs/geom-violin/scale-area-to-sample-size-c-is-smaller.svg,scale-area-to-sample-size-c-is-smaller.svg
6,tests/figs/geom-violin/quantiles.svg,quantiles.svg
6,tests/figs/geom-violin/narrower-width-5.svg,narrower-width-5.svg
6,tests/figs/geom-violin/coord-polar.svg,coord-polar.svg
6,tests/figs/geom-violin/coord-flip.svg,coord-flip.svg
6,tests/figs/geom-violin/continuous-x-axis-single-group-center-should-be-at-1-0.svg,continuous-x-axis-single-group-center-should-be-at-1-0.svg
6,tests/figs/geom-violin/continuous-x-axis-multiple-groups-center-should-be-at-2-0.svg,continuous-x-axis-multiple-groups-center-should-be-at-2-0.svg
6,tests/figs/geom-violin/basic.svg,basic.svg
6,tests/figs/geom-sf/spatial-points.svg,spatial-points.svg
6,tests/figs/geom-path/lines.svg,lines.svg
6,tests/figs/geom-path/lines-with-changed-data-order-should-have-same-appearance.svg,lines-with-changed-data-order-should-have-same-appearance.svg
6,tests/figs/geom-hline-vline-abline/straight-lines-in-mercator.svg,straight-lines-in-mercator.svg
6,tests/figs/geom-hline-vline-abline/polar-lines-intersect-mid-bars.svg,polar-lines-intersect-mid-bars.svg
6,tests/figs/geom-hline-vline-abline/lines-curved-in-azequalarea.svg,lines-curved-in-azequalarea.svg
6,tests/figs/geom-dotplot/stack-up.svg,stack-up.svg
6,tests/figs/geom-dotplot/stack-up-with-coord-flip.svg,stack-up-with-coord-flip.svg
6,tests/figs/geom-dotplot/stack-down.svg,stack-down.svg
6,tests/figs/geom-dotplot/stack-down-with-coord-flip.svg,stack-down-with-coord-flip.svg
6,tests/figs/geom-dotplot/stack-centerwhole.svg,stack-centerwhole.svg
6,tests/figs/geom-dotplot/stack-centerwhole-with-coord-flip.svg,stack-centerwhole-with-coord-flip.svg
6,tests/figs/geom-dotplot/stack-center.svg,stack-center.svg
6,tests/figs/geom-dotplot/stack-center-with-coord-flip.svg,stack-center-with-coord-flip.svg
6,tests/figs/geom-dotplot/larger-dots-dotsize-1-5-fill-white.svg,larger-dots-dotsize-1-5-fill-white.svg
6,tests/figs/geom-dotplot/histodot-binning-equal-bin-spacing.svg,histodot-binning-equal-bin-spacing.svg
6,tests/figs/geom-dotplot/dots-stacked-closer-stackratio-5-fill-white.svg,dots-stacked-closer-stackratio-5-fill-white.svg
6,tests/figs/geom-dotplot/bin-y-three-x-groups-stack-centerwhole.svg,bin-y-three-x-groups-stack-centerwhole.svg
6,tests/figs/geom-dotplot/bin-y-three-x-groups-bins-aligned-coord-flip.svg,bin-y-three-x-groups-bins-aligned-coord-flip.svg
6,tests/figs/geom-dotplot/bin-y-three-x-groups-bins-aligned-across-groups.svg,bin-y-three-x-groups-bins-aligned-across-groups.svg
6,tests/figs/geom-dotplot/bin-y-continous-x-axis-single-x-group.svg,bin-y-continous-x-axis-single-x-group.svg
6,tests/figs/geom-dotplot/bin-y-continous-x-axis-grouping-by-x.svg,bin-y-continous-x-axis-grouping-by-x.svg
6,tests/figs/geom-dotplot/basic-dotplot-with-dot-density-binning-binwidth-4.svg,basic-dotplot-with-dot-density-binning-binwidth-4.svg
6,tests/figs/geom-dotplot/2-na-values-dot-density-binning-binwidth-4.svg,2-na-values-dot-density-binning-binwidth-4.svg
6,tests/figs/facetting/left-justified-facet-labels-with-margins.svg,left-justified-facet-labels-with-margins.svg
6,tests/figs/facet-labels/parsed-facet-labels.svg,parsed-facet-labels.svg
6,tests/figs/coord-polar/rose-plot-with-has-equal-spacing.svg,rose-plot-with-has-equal-spacing.svg
6,tests/figs/coord-map/usa-mercator.svg,usa-mercator.svg
6,tests/figs/coord-cartesian/expand-range.svg,expand-range.svg
6,tests/figs/coord-cartesian/contract-range.svg,contract-range.svg
6,revdep/email.md,email.md
6,man/wrap_hmisc.Rd,wrap_hmisc.Rd
6,man/wrap-hmisc-hc.rd,wrap-hmisc-hc.rd
6,man/stat_unique.rd,stat_unique.rd
6,man/stat_identity.rd,stat_identity.rd
6,man/stat_density2d.rd,stat_density2d.rd
6,man/scale_x_date.Rd,scale_x_date.Rd
6,man/scale_train.Rd,scale_train.Rd
6,man/scale_size_discrete.Rd,scale_size_discrete.Rd
6,man/scale_size_continuous.Rd,scale_size_continuous.Rd
6,man/scale_colour_manual.Rd,scale_colour_manual.Rd
6,man/scale_colour_identity.Rd,scale_colour_identity.Rd
6,man/scale_colour_hue.Rd,scale_colour_hue.Rd
6,man/scale_colour_grey.Rd,scale_colour_grey.Rd
6,man/scale_colour_gradient2.Rd,scale_colour_gradient2.Rd
6,man/scale_colour_continuous.Rd,scale_colour_continuous.Rd
6,man/scale_colour_brewer.Rd,scale_colour_brewer.Rd
6,man/save-examples-zh.rd,save-examples-zh.rd
6,man/proto2.Rd,proto2.Rd
6,man/print.ggproto.Rd,print.ggproto.Rd
6,man/print-ggplot-0n.rd,print-ggplot-0n.rd
6,man/predictdf-62.rd,predictdf-62.rd
6,man/plotmatrix-95.rd,plotmatrix-95.rd
6,man/midwest.rd,midwest.rd
6,man/limits-nu.rd,limits-nu.rd
6,man/html-index-n5.rd,html-index-n5.rd
6,man/guide-legends-box-m7.rd,guide-legends-box-m7.rd
6,man/gtable.Rd,gtable.Rd
6,man/geom_errorbarh.rd,geom_errorbarh.rd
6,man/geom_bin2d.rd,geom_bin2d.rd
6,man/fullseq-date-ol.rd,fullseq-date-ol.rd
6,man/fortify-SpatialPolygonsDataFrame-n8.rd,fortify-SpatialPolygonsDataFrame-n8.rd
6,man/firstUpper-kl.rd,firstUpper-kl.rd
6,man/figures/README-example-1.png,README-example-1.png
6,man/expand-range-8l.rd,expand-range-8l.rd
6,man/discrete-range-fu.rd,discrete-range-fu.rd
6,man/dir-diff-2f.rd,dir-diff-2f.rd
6,man/borders-yk.rd,borders-yk.rd
6,man/as.list.ggproto.Rd,as.list.ggproto.Rd
6,man/accessors-print-nc.rd,accessors-print-nc.rd
6,inst/tests/test-scale-manual.r,test-scale-manual.r
6,inst/tests/test-facet-locate.r,test-facet-locate.r
6,inst/tests/helper-plot-data.r,helper-plot-data.r
6,inst/staticdocs/icons.R,icons.R
6,R/utilities-discrete.r,utilities-discrete.r
6,R/scale-viridis.r,scale-viridis.r
6,R/scale-continuous-alpha.r,scale-continuous-alpha.r
6,R/grob-background.r,grob-background.r
6,R/geom-interval-error.r,geom-interval-error.r
6,CONTRIBUTING.md,CONTRIBUTING.md
5,visual_test/lines.r,lines.r
5,visual_test/geom-path.r,geom-path.r
5,vignettes/releases/ggplot2-2.0.0.Rmd,ggplot2-2.0.0.Rmd
5,vignettes/programming-with-ggplot2.Rmd,programming-with-ggplot2.Rmd
5,vignettes/profiling.Rmd,profiling.Rmd
5,tests/testthat/test-stat-density.R,test-stat-density.R
5,tests/testthat/test-qplot.r,test-qplot.r
5,tests/testthat/test-geom-polygon.R,test-geom-polygon.R
5,tests/testthat/test-geom-hex.R,test-geom-hex.R
5,tests/testthat/test-coord-map.R,test-coord-map.R
5,tests/testthat/test-coord-cartesian.R,test-coord-cartesian.R
5,tests/testthat/test-aes-calculated.r,test-aes-calculated.r
5,tests/figs/themes/strip-styling.svg,strip-styling.svg
5,tests/figs/scales-breaks-and-labels/x-and-y-transformations.svg,x-and-y-transformations.svg
5,tests/figs/scales-breaks-and-labels/scale-x-continuous-trans-log2-trans-scale-y-log10.svg,scale-x-continuous-trans-log2-trans-scale-y-log10.svg
5,tests/figs/scales-breaks-and-labels/months-and-weeks-breaks.svg,months-and-weeks-breaks.svg
5,tests/figs/scales-breaks-and-labels/months-and-weeks-breaks-coord-polar.svg,months-and-weeks-breaks-coord-polar.svg
5,tests/figs/scales-breaks-and-labels/manual-minor-breaks.svg,manual-minor-breaks.svg
5,tests/figs/scales-breaks-and-labels/manual-minor-breaks-with-coord-polar.svg,manual-minor-breaks-with-coord-polar.svg
5,tests/figs/scales-breaks-and-labels/default-breaks.svg,default-breaks.svg
5,tests/figs/guides/white-to-red-gradient-colorbar-white-tick-marks-no-frame.svg,white-to-red-gradient-colorbar-white-tick-marks-no-frame.svg
5,tests/figs/guides/white-to-red-gradient-colorbar-thick-black-tick-marks-green-frame.svg,white-to-red-gradient-colorbar-thick-black-tick-marks-green-frame.svg
5,tests/figs/guides/thick-axis-lines.svg,thick-axis-lines.svg
5,tests/figs/guides/rotated-guide-titles-and-labels.svg,rotated-guide-titles-and-labels.svg
5,tests/figs/guides/one-combined-colorbar-for-colour-and-fill-aesthetics.svg,one-combined-colorbar-for-colour-and-fill-aesthetics.svg
5,tests/figs/guides/multi-line-guide-title-works.svg,multi-line-guide-title-works.svg
5,tests/figs/geom-sf/north-carolina-county-boundaries.svg,north-carolina-county-boundaries.svg
5,tests/figs/geom-path/na-linetype.svg,na-linetype.svg
5,tests/figs/facetting/left-justified-rotated-facet-labels-with-margins.svg,left-justified-rotated-facet-labels-with-margins.svg
5,tests/figs/coord-sf/sf-polygons.svg,sf-polygons.svg
5,tests/figs/coord-polar/racetrack-plot-with-expand-t-closed-and-has-center-hole.svg,racetrack-plot-with-expand-t-closed-and-has-center-hole.svg
5,tests/figs/coord-polar/racetrack-plot-with-expand-f-closed-and-no-center-hole.svg,racetrack-plot-with-expand-f-closed-and-no-center-hole.svg
5,tests/figs/coord-polar/continuous-theta-with-xlim-0-6-and-ylim-0-16.svg,continuous-theta-with-xlim-0-6-and-ylim-0-16.svg
5,tests/figs/coord-polar/continuous-theta-has-merged-low-high-values.svg,continuous-theta-has-merged-low-high-values.svg
5,tests/figs/coord-polar/concentric-circles-at-theta-1-80.svg,concentric-circles-at-theta-1-80.svg
5,tests/figs/coord-polar/concentric-circles-at-theta-1-80-mult-100.svg,concentric-circles-at-theta-1-80-mult-100.svg
5,tests/figs/coord-polar/concentric-circles-at-theta-1-80-80.svg,concentric-circles-at-theta-1-80-80.svg
5,tests/figs/coord-polar/concentric-circles-at-theta-1-80-40.svg,concentric-circles-at-theta-1-80-40.svg
5,tests/figs/coord-polar/concentric-circles-at-theta-1-80-100.svg,concentric-circles-at-theta-1-80-100.svg
5,tests/figs/annotate/line-matches-points.svg,line-matches-points.svg
5,revdep/email.yml,email.yml
5,man/ylim-ok.rd,ylim-ok.rd
5,man/xlim-db.rd,xlim-db.rd
5,man/vp-path-c6.rd,vp-path-c6.rd
5,man/to-date-og.rd,to-date-og.rd
5,man/theme_minimal.Rd,theme_minimal.Rd
5,man/theme_classic.Rd,theme_classic.Rd
5,man/theme-text-9a.rd,theme-text-9a.rd
5,man/theme-rect-f3.rd,theme-rect-f3.rd
5,man/theme-gray-gw.rd,theme-gray-gw.rd
5,man/theme-blank-f4.rd,theme-blank-f4.rd
5,man/stat_vline.rd,stat_vline.rd
5,man/stat_hline.rd,stat_hline.rd
5,man/stat_binhex.rd,stat_binhex.rd
5,man/stat_bin2d.rd,stat_bin2d.rd
5,man/set-default-scale-47.rd,set-default-scale-47.rd
5,man/scale_x_datetime.Rd,scale_x_datetime.Rd
5,man/scale_prob.rd,scale_prob.rd
5,man/scale_pow.rd,scale_pow.rd
5,man/scale_datetime.rd,scale_datetime.rd
5,man/rescale-dp.rd,rescale-dp.rd
5,man/qplot-ay.rd,qplot-ay.rd
5,man/nice-ramp-fd.rd,nice-ramp-fd.rd
5,man/msleep.rd,msleep.rd
5,man/label_wrap_gen.Rd,label_wrap_gen.Rd
5,man/html-template-create-9f.rd,html-template-create-9f.rd
5,man/html-index-create-g5.rd,html-index-create-g5.rd
5,man/guide_colorbar.Rd,guide_colorbar.Rd
5,man/ggplotGrob-1l.rd,ggplotGrob-1l.rd
5,man/ggpcp-g3.rd,ggpcp-g3.rd
5,man/get-rev-ag.rd,get-rev-ag.rd
5,man/geom_rect.rd,geom_rect.rd
5,man/geom_interval.rd,geom_interval.rd
5,man/fullseq-20.rd,fullseq-20.rd
5,man/fortify-lm-nd.rd,fortify-lm-nd.rd
5,man/faithfuld.Rd,faithfuld.Rd
5,man/f5.rd,f5.rd
5,man/equal-ranges-wa.rd,equal-ranges-wa.rd
5,man/diamonds.rd,diamonds.rd
5,man/col-hcl-7m.rd,col-hcl-7m.rd
5,man/chop-8s.rd,chop-8s.rd
5,man/check-breaks-and-labels-7z.rd,check-breaks-and-labels-7z.rd
5,man/calc-aesthetics-5l.rd,calc-aesthetics-5l.rd
5,man/build-options-8a.rd,build-options-8a.rd
5,man/add-missing-levels-di.rd,add-missing-levels-di.rd
5,inst/tests/test-aes.r,test-aes.r
5,inst/CITATION,CITATION
5,data/movies.rda,movies.rda
5,R/translate-qplot-gpl.r,translate-qplot-gpl.r
5,R/stat-step.r,stat-step.r
5,R/stat-sortx.r,stat-sortx.r
5,R/stat-hexbin.r,stat-hexbin.r
5,R/scale-defaults.r,scale-defaults.r
5,R/range.r,range.r
5,R/plot-internal.r,plot-internal.r
5,R/performance.R,performance.R
5,R/layer-sf.R,layer-sf.R
5,R/grob-dotcluster.r,grob-dotcluster.r
5,R/geom-interval-histogram.r,geom-interval-histogram.r
5,R/date-time-breaks.r,date-time-breaks.r
5,R/backports.R,backports.R
5,GOVERNANCE.md,GOVERNANCE.md
4,visual_test/stat-summary.r,stat-summary.r
4,visual_test/geom-polygon.r,geom-polygon.r
4,visual_test/coord-map.r,coord-map.r
4,visual_test/coord-cartesian-with-limits.r,coord-cartesian-with-limits.r
4,visual_test/aspect-ratio.r,aspect-ratio.r
4,visual_test/aesthetics.r,aesthetics.r
4,vignettes/releases/ggplot2-2-2-0.Rmd,ggplot2-2-2-0.Rmd
4,vignettes/release.Rmd,release.Rmd
4,vignettes/ggplot2-in-packages.Rmd,ggplot2-in-packages.Rmd
4,vignettes/.gitignore,.gitignore
4,tests/testthat/test-viridis.R,test-viridis.R
4,tests/testthat/test-stat-density2d.R,test-stat-density2d.R
4,tests/testthat/test-scale_date.R,test-scale_date.R
4,tests/testthat/test-scale-date.R,test-scale-date.R
4,tests/testthat/test-plot-summary-api.R,test-plot-summary-api.R
4,tests/testthat/test-munch.r,test-munch.r
4,tests/testthat/test-geom-tile.R,test-geom-tile.R
4,tests/testthat/test-geom-ribbon.R,test-geom-ribbon.R
4,tests/testthat/Rplots.pdf,Rplots.pdf
4,tests/figs/guides/vertical-gap-of-1cm-between-guide-title-and-guide.svg,vertical-gap-of-1cm-between-guide-title-and-guide.svg
4,tests/figs/guides/horizontal-gap-of-1cm-between-guide-and-guide-text.svg,horizontal-gap-of-1cm-between-guide-and-guide-text.svg
4,tests/figs/geom-smooth/ribbon-turned-on-in-geom-smooth.svg,ribbon-turned-on-in-geom-smooth.svg
4,man/w3.rd,w3.rd
4,man/update-stat-defaults-wc.rd,update-stat-defaults-wc.rd
4,man/update-labels-kd.rd,update-labels-kd.rd
4,man/tryapply-sa.rd,tryapply-sa.rd
4,man/trim-infinite-ly.rd,trim-infinite-ly.rd
4,man/transform-position-w3.rd,transform-position-w3.rd
4,man/tr-o7.rd,tr-o7.rd
4,man/theme_linedraw.Rd,theme_linedraw.Rd
4,man/theme_light.Rd,theme_light.Rd
4,man/theme-update-wy.rd,theme-update-wy.rd
4,man/theme-segment-t0.rd,theme-segment-t0.rd
4,man/theme-render-36.rd,theme-render-36.rd
4,man/strip-dots-g2.rd,strip-dots-g2.rd
4,man/stat_step.rd,stat_step.rd
4,man/stat_sort.rd,stat_sort.rd
4,man/stat_sf_coordinates.Rd,stat_sf_coordinates.Rd
4,man/stat_density_2d.rd,stat_density_2d.rd
4,man/stat_abline.rd,stat_abline.rd
4,man/setup-viewports-58.rd,setup-viewports-58.rd
4,man/set-last-plot-8d.rd,set-last-plot-8d.rd
4,man/scales-list-3z.rd,scales-list-3z.rd
4,man/scale_size_continuous.rd,scale_size_continuous.rd
4,man/scale_linetype_discrete.rd,scale_linetype_discrete.rd
4,man/scale_dimension.Rd,scale_dimension.Rd
4,man/scale_alpha_continuous.rd,scale_alpha_continuous.rd
4,man/resolution-3n.rd,resolution-3n.rd
4,man/rename-aes-ay.rd,rename-aes-ay.rd
4,man/remove_missing.Rd,remove_missing.Rd
4,man/rdoc-auto-link-g4.rd,rdoc-auto-link-g4.rd
4,man/print.theme.Rd,print.theme.Rd
4,man/pos-stack-ev.rd,pos-stack-ev.rd
4,man/pos-fill-96.rd,pos-fill-96.rd
4,man/pos-dodge-6a.rd,pos-dodge-6a.rd
4,man/plot-theme-9b.rd,plot-theme-9b.rd
4,man/plot-templates.Rd,plot-templates.Rd
4,man/mpg.rd,mpg.rd
4,man/movies.rd,movies.rd
4,man/margin.Rd,margin.Rd
4,man/map-data-ax.rd,map-data-ax.rd
4,man/last-plot-9d.rd,last-plot-9d.rd
4,man/label-parsed-ov.rd,label-parsed-ov.rd
4,man/label-bquote-es.rd,label-bquote-es.rd
4,man/is-integeric-72.rd,is-integeric-72.rd
4,man/is-constant-6i.rd,is-constant-6i.rd
4,man/invert-5p.rd,invert-5p.rd
4,man/interleave-70.rd,interleave-70.rd
4,man/html-template-p6.rd,html-template-p6.rd
4,man/html-template-create-all-ge.rd,html-template-create-all-ge.rd
4,man/html-linked-list-g6.rd,html-linked-list-g6.rd
4,man/html-autolink-index-tk.rd,html-autolink-index-tk.rd
4,man/html-auto-link-u2.rd,html-auto-link-u2.rd
4,man/hexGrob-tw.rd,hexGrob-tw.rd
4,man/guide-legends-3p.rd,guide-legends-3p.rd
4,man/guide-exts.Rd,guide-exts.Rd
4,man/grobMatrix-hq.rd,grobMatrix-hq.rd
4,man/grobColWidth-5r.rd,grobColWidth-5r.rd
4,man/ggstructure-3r.rd,ggstructure-3r.rd
4,man/ggstrip-6v.rd,ggstrip-6v.rd
4,man/ggplot-t9.rd,ggplot-t9.rd
4,man/ggplot-oz.rd,ggplot-oz.rd
4,man/ggplot-dk.rd,ggplot-dk.rd
4,man/ggplot-data-frame-d3.rd,ggplot-data-frame-d3.rd
4,man/gg-apply-cc.rd,gg-apply-cc.rd
4,man/geom_density_2d.rd,geom_density_2d.rd
4,man/geom_col.Rd,geom_col.Rd
4,man/geditGrob-5b.rd,geditGrob-5b.rd
4,man/fortify-dm.rd,fortify-dm.rd
4,man/floor-date-i9.rd,floor-date-i9.rd
4,man/expand-limits-54.rd,expand-limits-54.rd
4,man/equal-dims-he.rd,equal-dims-he.rd
4,man/economics.rd,economics.rd
4,man/drop-calculated-aes-gh.rd,drop-calculated-aes-gh.rd
4,man/cut-number-5z.rd,cut-number-5z.rd
4,man/cunion-dn.rd,cunion-dn.rd
4,man/coord_fixed.rd,coord_fixed.rd
4,man/compute-intercept-2o.rd,compute-intercept-2o.rd
4,man/ceiling-date-i2.rd,ceiling-date-i2.rd
4,man/axis-vp-path-cx.rd,axis-vp-path-cx.rd
4,man/all-html-pages-create-d4.rd,all-html-pages-create-d4.rd
4,man/all-examples-run-8j.rd,all-examples-run-8j.rd
4,man/aes-to-scale-ty.rd,aes-to-scale-ty.rd
4,man/aes-string-9e.rd,aes-string-9e.rd
4,man/absoluteGrob-5d.rd,absoluteGrob-5d.rd
4,inst/tests/test-table-layout.r,test-table-layout.r
4,inst/tests/test-sanitise-dim.r,test-sanitise-dim.r
4,inst/tests/test-layer.r,test-layer.r
4,inst/tests/test-fortify.r,test-fortify.r
4,inst/tests/test-aes-setting.r,test-aes-setting.r
4,icons/icons.R,icons.R
4,icons/geom_jitter.png,geom_jitter.png
4,ggplot2.Rproj,ggplot2.Rproj
4,data/presidential.rda,presidential.rda
4,data/midwest.rda,midwest.rda
4,data/economics.rda,economics.rda
4,data/diamonds.rda,diamonds.rda
4,R/weighting.r,weighting.r
4,R/utilities-chop.r,utilities-chop.r
4,R/summarise-plot.R,summarise-plot.R
4,R/stat-sf-coordinates.R,stat-sf-coordinates.R
4,R/scale-view.r,scale-view.r
4,R/scale-colour.r,scale-colour.r
4,R/hexbin.R,hexbin.R
4,R/guide-bins.R,guide-bins.R
4,R/geom-interval-point.r,geom-interval-point.r
4,R/facet-grid-viewports.r,facet-grid-viewports.r
4,R/doc.r,doc.r
4,R/colour.r,colour.r
4,R/codegen.r,codegen.r
4,R/aaa-constants.r,aaa-constants.r
3,visual_test/scale-breaks.r,scale-breaks.r
3,tests/testthat/test-stat-hex.R,test-stat-hex.R
3,tests/testthat/test-stat-boxplot.R,test-stat-boxplot.R
3,tests/testthat/test-position_dodge.R,test-position_dodge.R
3,tests/testthat/test-position-nudge.R,test-position-nudge.R
3,tests/testthat/test-geom-rule.R,test-geom-rule.R
3,tests/testthat/test-geom-rug.R,test-geom-rug.R
3,tests/testthat/test-geom-raster.R,test-geom-raster.R
3,tests/testthat/test-geom-freqpoly.R,test-geom-freqpoly.R
3,tests/testthat/test-geom-col.R,test-geom-col.R
3,tests/testthat/test-geom-bar.R,test-geom-bar.R
3,tests/testthat/test-facet-locate.r,test-facet-locate.r
3,tests/testthat/test-coord-transform.R,test-coord-transform.R
3,tests/testthat/test-coord-.r,test-coord-.r
3,tests/testthat/helper-facet.r,helper-facet.r
3,tests/figs/scales-breaks-and-labels/numeric-log.svg,numeric-log.svg
3,tests/figs/scales-breaks-and-labels/functional-limits.svg,functional-limits.svg
3,tests/figs/labels/defaults.svg,defaults.svg
3,tests/figs/guides/guide-title-and-text-positioning-and-alignment-via-themes.svg,guide-title-and-text-positioning-and-alignment-via-themes.svg
3,tests/figs/geom-smooth/ribbon-turned-off-in-geom-smooth.svg,ribbon-turned-off-in-geom-smooth.svg
3,templates/stat_.html,stat_.html
3,templates/scale_.html,scale_.html
3,templates/qplot.html,qplot.html
3,templates/geom_.html,geom_.html
3,templates/facet_.html,facet_.html
3,templates/coord_.html,coord_.html
3,revdep/timing.md,timing.md
3,revdep/index.md,index.md
3,revdep/.gitignore,.gitignore
3,man/vp-name-ea.rd,vp-name-ea.rd
3,man/uniquecols-cf.rd,uniquecols-cf.rd
3,man/ulevels-qj.rd,ulevels-qj.rd
3,man/try-require-by.rd,try-require-by.rd
3,man/trim-da.rd,trim-da.rd
3,man/transform_position.Rd,transform_position.Rd
3,man/to-time-1x.rd,to-time-1x.rd
3,man/time-breaks-om.rd,time-breaks-om.rd
3,man/theme-line-49.rd,theme-line-49.rd
3,man/theme-grey-y1.rd,theme-grey-y1.rd
3,man/theme-add.Rd,theme-add.Rd
3,man/surround-viewports-03.rd,surround-viewports-03.rd
3,man/summaryby-vl.rd,summaryby-vl.rd
3,man/summarise_plot.Rd,summarise_plot.Rd
3,man/summarise-by-x-13.rd,summarise-by-x-13.rd
3,man/stat_aggrhex.Rd,stat_aggrhex.Rd
3,man/stat_aggr2d.Rd,stat_aggr2d.Rd
3,man/stairstep-as.rd,stairstep-as.rd
3,man/seals.rd,seals.rd
3,man/scale_shape_discrete.rd,scale_shape_discrete.rd
3,man/scale_binned.Rd,scale_binned.Rd
3,man/scale_area.rd,scale_area.rd
3,man/safe-call-7b.rd,safe-call-7b.rd
3,man/rweave-k1.rd,rweave-k1.rd
3,man/rect-to-poly-24.rd,rect-to-poly-24.rd
3,man/ps-ie.rd,ps-ie.rd
3,man/print-theme-55.rd,print-theme-55.rd
3,man/print-options-cj.rd,print-options-cj.rd
3,man/presidential.rd,presidential.rd
3,man/precision-hd.rd,precision-hd.rd
3,man/percent-8m.rd,percent-8m.rd
3,man/parse-unit-spec-ps.rd,parse-unit-spec-ps.rd
3,man/opts-6v.rd,opts-6v.rd
3,man/muted-5j.rd,muted-5j.rd
3,man/munch-data-cf.rd,munch-data-cf.rd
3,man/mean-se-b0.rd,mean-se-b0.rd
3,man/max_height.Rd,max_height.Rd
3,man/legends-5g.rd,legends-5g.rd
3,man/layer_sf.Rd,layer_sf.Rd
3,man/labs-df.rd,labs-df.rd
3,man/labels-default-fs.rd,labels-default-fs.rd
3,man/label-value-9n.rd,label-value-9n.rd
3,man/label-both-cu.rd,label-both-cu.rd
3,man/is.ggproto.Rd,is.ggproto.Rd
3,man/is.Coord.Rd,is.Coord.Rd
3,man/is-position-aes-5l.rd,is-position-aes-5l.rd
3,man/is-calculated-aes-ki.rd,is-calculated-aes-ki.rd
3,man/inside-aj.rd,inside-aj.rd
3,man/hexBin-qp.rd,hexBin-qp.rd
3,man/guide_coloursteps.Rd,guide_coloursteps.Rd
3,man/guide-grid-fu.rd,guide-grid-fu.rd
3,man/guide-axis-vo.rd,guide-axis-vo.rd
3,man/grobRowHeight-co.rd,grobRowHeight-co.rd
3,man/grobGrid-67.rd,grobGrid-67.rd
3,man/ggsave-tk.rd,ggsave-tk.rd
3,man/ggplot-default-v2.rd,ggplot-default-v2.rd
3,man/ggplot-build-jd.rd,ggplot-build-jd.rd
3,man/ggname-40.rd,ggname-40.rd
3,man/gglegends-0s.rd,gglegends-0s.rd
3,man/ggfluctuation-w9.rd,ggfluctuation-w9.rd
3,man/ggaxis-60.rd,ggaxis-60.rd
3,man/fortify-map-ib.rd,fortify-map-ib.rd
3,man/format.ggproto.Rd,format.ggproto.Rd
3,man/force-matrix-us.rd,force-matrix-us.rd
3,man/empty-cs.rd,empty-cs.rd
3,man/element_grob.Rd,element_grob.Rd
3,man/dollar-3n.rd,dollar-3n.rd
3,man/dist-central-angle-46.rd,dist-central-angle-46.rd
3,man/date-breaks-d1.rd,date-breaks-d1.rd
3,man/cweave-1g.rd,cweave-1g.rd
3,man/coord_munch.Rd,coord_munch.Rd
3,man/compare-img-95.rd,compare-img-95.rd
3,man/combine_vars.Rd,combine_vars.Rd
3,man/collide-5k.rd,collide-5k.rd
3,man/clist-a1.rd,clist-a1.rd
3,man/chop-breaks-9b.rd,chop-breaks-9b.rd
3,man/chop-auto-ix.rd,chop-auto-ix.rd
3,man/breaks-f0.rd,breaks-f0.rd
3,man/bolus-ggplot-9x.rd,bolus-ggplot-9x.rd
3,man/binned_scale.Rd,binned_scale.Rd
3,man/assign-viewports-r1.rd,assign-viewports-r1.rd
3,man/all-rdoc-pages-create-7y.rd,all-rdoc-pages-create-7y.rd
3,man/aesdefaults-6k.rd,aesdefaults-6k.rd
3,man/aes-all-9y.rd,aes-all-9y.rd
3,man/add-group-by.rd,add-group-by.rd
3,man/Range.Rd,Range.Rd
3,inst/tests/visual-guide-position.r,visual-guide-position.r
3,inst/tests/test-qplot.r,test-qplot.r
3,inst/tests/test-facet.r,test-facet.r
3,inst/tests/test-facet-.r,test-facet-.r
3,inst/tests/test-empty-data.r,test-empty-data.r
3,inst/tests/test-coord-polar.r,test-coord-polar.r
3,inst/test_ns/R/my-plot.r,my-plot.r
3,icons/stat_sum.png,stat_sum.png
3,icons/stat_identity.png,stat_identity.png
3,icons/scale_x_datetime.png,scale_x_datetime.png
3,icons/scale_x_date.png,scale_x_date.png
3,icons/scale_manual.png,scale_manual.png
3,icons/scale_identity.png,scale_identity.png
3,icons/geom_text.png,geom_text.png
3,icons/geom_pointrange.png,geom_pointrange.png
3,icons/geom_point.png,geom_point.png
3,icons/coord_fixed.png,coord_fixed.png
3,expt/zzz-describe.r,zzz-describe.r
3,expt/geom-hexagon.r,geom-hexagon.r
3,expt/compare.r,compare.r
3,data/seals.rda,seals.rda
3,data/mpg.rda,mpg.rda
3,data-raw/economics.R,economics.R
3,R/utilities-tidy-eval.R,utilities-tidy-eval.R
3,R/utilities-table-template.r,utilities-table-template.r
3,R/try.r,try.r
3,R/stat-sf.R,stat-sf.R
3,R/scale-binned.R,scale-binned.R
3,R/mplot.r,mplot.r
3,R/grouping.r,grouping.r
3,R/ggplot-global.R,ggplot-global.R
3,R/geom-step.r,geom-step.r
3,R/geom-line.r,geom-line.r
3,R/geom-line-freqpoly.r,geom-line-freqpoly.r
3,R/geom-interval-crossbar.r,geom-interval-crossbar.r
3,R/formats.r,formats.r
3,R/facet-grid-panels.r,facet-grid-panels.r
3,R/dhist.r,dhist.r
3,R/compat-plyr.R,compat-plyr.R
3,R/autolayer.r,autolayer.r
3,.github/lock.yml,lock.yml
3,.github/ISSUE_TEMPLATE.md,ISSUE_TEMPLATE.md
2,web/doc.css,doc.css
2,visual_test/boxplot.r,boxplot.r
2,visual_test/alpha.r,alpha.r
2,visual_test/.gitignore,.gitignore
2,vignettes/themes.Rmd,themes.Rmd
2,vignettes/releases/ggplot2-2.1.0.Rmd,ggplot2-2.1.0.Rmd
2,vignettes/releases/ggplot2-1.0.0.Rmd,ggplot2-1.0.0.Rmd
2,vignettes/qplot.Rmd,qplot.Rmd
2,vignettes/news/2-2-0.Rmd,2-2-0.Rmd
2,tests/testthat/test-stat-sf-coordinates.R,test-stat-sf-coordinates.R
2,tests/testthat/test-scale-type.R,test-scale-type.R
2,tests/testthat/test-scale-gradient.R,test-scale-gradient.R
2,tests/testthat/test-range.r,test-range.r
2,tests/testthat/test-performance.R,test-performance.R
2,tests/testthat/test-geom-text.R,test-geom-text.R
2,tests/testthat/test-add.R,test-add.R
2,tests/testthat/stops.rds,stops.rds
2,tests/figs/themes/width-is-3-times-height-2x2-facets.svg,width-is-3-times-height-2x2-facets.svg
2,tests/figs/themes/width-is-3-times-height-2-wrap-facets.svg,width-is-3-times-height-2-wrap-facets.svg
2,tests/figs/themes/width-is-3-times-height-2-row-facets.svg,width-is-3-times-height-2-row-facets.svg
2,tests/figs/themes/width-is-3-times-height-2-column-facets.svg,width-is-3-times-height-2-column-facets.svg
2,tests/figs/themes/ticks_length.svg,ticks_length.svg
2,tests/figs/themes/ticks-length.svg,ticks-length.svg
2,tests/figs/themes/theme-bw-replace-larger-relative-size-for-axis-title-y.svg,theme-bw-replace-larger-relative-size-for-axis-title-y.svg
2,tests/figs/themes/theme-bw-plus-blue-text.svg,theme-bw-plus-blue-text.svg
2,tests/figs/themes/theme-bw-larger-relative-size-for-axis-title-y.svg,theme-bw-larger-relative-size-for-axis-title-y.svg
2,tests/figs/themes/text-is-element-blank-result-is-no-text.svg,text-is-element-blank-result-is-no-text.svg
2,tests/figs/themes/rotated-x-axis-tick-labels.svg,rotated-x-axis-tick-labels.svg
2,tests/figs/themes/many-blank-items-and-light-blue-plot-background.svg,many-blank-items-and-light-blue-plot-background.svg
2,tests/figs/themes/blue-text-plus-theme-bw-result-is-black-text.svg,blue-text-plus-theme-bw-result-is-black-text.svg
2,tests/figs/themes/axis-title-text-is-blue-compounded-relative-sizing.svg,axis-title-text-is-blue-compounded-relative-sizing.svg
2,tests/figs/themes/add-theme-bw-base-size-24-base-family-serif.svg,add-theme-bw-base-size-24-base-family-serif.svg
2,tests/figs/themes/add-saved-theme-object-with-theme-bw-plus-blue-text.svg,add-saved-theme-object-with-theme-bw-plus-blue-text.svg
2,tests/figs/themes/add-blue-saved-theme-object-and-theme-bw-expect-black-text.svg,add-blue-saved-theme-object-and-theme-bw-expect-black-text.svg
2,tests/figs/themes/add-blue-and-italic-in-single-element-object.svg,add-blue-and-italic-in-single-element-object.svg
2,tests/figs/themes/add-blue-and-italic-in-separate-element-objects.svg,add-blue-and-italic-in-separate-element-objects.svg
2,tests/figs/sec-axis/sec-axis-with-division.svg,sec-axis-with-division.svg
2,tests/figs/sec-axis/sec-axis-sec-power-transform.svg,sec-axis-sec-power-transform.svg
2,tests/figs/sec-axis/sec-axis-monotonicity-test.svg,sec-axis-monotonicity-test.svg
2,tests/figs/sec-axis/sec-axis-independent-transformations.svg,sec-axis-independent-transformations.svg
2,tests/figs/sec-axis/sec-axis-custom-transform.svg,sec-axis-custom-transform.svg
2,tests/figs/scales-breaks-and-labels/numeric.svg,numeric.svg
2,tests/figs/scales-breaks-and-labels/numeric-polar.svg,numeric-polar.svg
2,tests/figs/scales-breaks-and-labels/numeric-exp.svg,numeric-exp.svg
2,tests/figs/scales-breaks-and-labels/date.svg,date.svg
2,tests/figs/scales-breaks-and-labels/character.svg,character.svg
2,tests/figs/position-stack/area-stacking.svg,area-stacking.svg
2,tests/figs/legend-key-glyphs/time-series-and-polygon-key-glyphs.svg,time-series-and-polygon-key-glyphs.svg
2,tests/figs/labels/other-position.svg,other-position.svg
2,tests/figs/labels/manual.svg,manual.svg
2,tests/figs/geom-sf/texts-for-north-carolina.svg,texts-for-north-carolina.svg
2,tests/figs/geom-sf/labels-for-north-carolina.svg,labels-for-north-carolina.svg
2,tests/figs/geom-hline-vline-abline/geom-vline-intercept-2.svg,geom-vline-intercept-2.svg
2,tests/figs/geom-hline-vline-abline/geom-vline-int-172-proj-mercator.svg,geom-vline-int-172-proj-mercator.svg
2,tests/figs/geom-hline-vline-abline/geom-vline-int-172-proj-cylindrical.svg,geom-vline-int-172-proj-cylindrical.svg
2,tests/figs/geom-hline-vline-abline/geom-vline-int-172-proj-azequalara.svg,geom-vline-int-172-proj-azequalara.svg
2,tests/figs/geom-hline-vline-abline/geom-vline-coord-polar-int-2-expect-a-ray-at-2.svg,geom-vline-coord-polar-int-2-expect-a-ray-at-2.svg
2,tests/figs/geom-hline-vline-abline/geom-vline-coord-flip-intercept-2.svg,geom-vline-coord-flip-intercept-2.svg
2,tests/figs/geom-hline-vline-abline/geom-hline-intercept-2.svg,geom-hline-intercept-2.svg
2,tests/figs/geom-hline-vline-abline/geom-hline-int-45-proj-mercator.svg,geom-hline-int-45-proj-mercator.svg
2,tests/figs/geom-hline-vline-abline/geom-hline-int-45-proj-cylindrical.svg,geom-hline-int-45-proj-cylindrical.svg
2,tests/figs/geom-hline-vline-abline/geom-hline-int-45-proj-azequalarea.svg,geom-hline-int-45-proj-azequalarea.svg
2,tests/figs/geom-hline-vline-abline/geom-hline-coord-polar-int-2-expect-circle-at-r-2.svg,geom-hline-coord-polar-int-2-expect-circle-at-r-2.svg
2,tests/figs/geom-hline-vline-abline/geom-hline-coord-flip-intercept-2.svg,geom-hline-coord-flip-intercept-2.svg
2,tests/figs/geom-hline-vline-abline/geom-abline-int-2-slope-0.svg,geom-abline-int-2-slope-0.svg
2,tests/figs/geom-hline-vline-abline/geom-abline-int-130-slope-1-proj-mercator.svg,geom-abline-int-130-slope-1-proj-mercator.svg
2,tests/figs/geom-hline-vline-abline/geom-abline-int-130-slope-1-proj-cylindrical.svg,geom-abline-int-130-slope-1-proj-cylindrical.svg
2,tests/figs/geom-hline-vline-abline/geom-abline-int-130-slope-1-proj-azequalarea.svg,geom-abline-int-130-slope-1-proj-azequalarea.svg
2,tests/figs/geom-hline-vline-abline/geom-abline-int-0-slope-1-aligns-with-bars.svg,geom-abline-int-0-slope-1-aligns-with-bars.svg
2,tests/figs/geom-hline-vline-abline/geom-abline-coord-flip-int-2-slope-0.svg,geom-abline-coord-flip-int-2-slope-0.svg
2,tests/figs/geom-hline-vline-abline/geom-abline-coord-flip-int-0-slope-1-aligns-with-bars.svg,geom-abline-coord-flip-int-0-slope-1-aligns-with-bars.svg
2,tests/figs/coord-polar/three-concentric-circles.svg,three-concentric-circles.svg
2,tests/figs/coord-polar/racetrack-plot-closed-and-no-center-hole.svg,racetrack-plot-closed-and-no-center-hole.svg
2,tests/figs/coord-polar/racetrack-plot-closed-and-has-center-hole.svg,racetrack-plot-closed-and-has-center-hole.svg
2,tests/figs/coord-map/usa-map-mercator-projection.svg,usa-map-mercator-projection.svg
2,tests/figs/coord-map/ortho-projection-default-orientation-centered-on-north-pole.svg,ortho-projection-default-orientation-centered-on-north-pole.svg
2,tests/figs/coord-map/ortho-projection-custom-orientation-centered-on-new-york.svg,ortho-projection-custom-orientation-centered-on-new-york.svg
2,tests/figs/coord-map/no-projection.svg,no-projection.svg
2,tests/figs/coord-map/mercator-projection.svg,mercator-projection.svg
2,tests/figs/coord-map/aitoff-projection-default-orientation.svg,aitoff-projection-default-orientation.svg
2,tests/figs/coord-map/aitoff-projection-custom-orientation-centered-on-date-line.svg,aitoff-projection-custom-orientation-centered-on-date-line.svg
2,tests/figs/coord-cartesian/clip-turned-off-both-inside-and-outside-visible.svg,clip-turned-off-both-inside-and-outside-visible.svg
2,tests/figs/coord-cartesian/clip-on-by-default-only-inside-visible.svg,clip-on-by-default-only-inside-visible.svg
2,test/test-table-layout.r,test-table-layout.r
2,test/test-data.r,test-data.r
2,templates/position_.html,position_.html
2,templates/layer.html,layer.html
2,templates/header.html,header.html
2,templates/ggplot.html,ggplot.html
2,templates/footer.html,footer.html
2,templates/aes.html,aes.html
2,staticdocs/index.r,index.r
2,staticdocs/head.html,head.html
2,staticdocs.json,staticdocs.json
2,revdep/cran.md,cran.md
2,r/save.r,save.r
2,notes/themes.Rmd,themes.Rmd
2,notes/theme-inheritance.png,theme-inheritance.png
2,notes/qplot.Rmd,qplot.Rmd
2,man/zlim-7i.rd,zlim-7i.rd
2,man/zeroGrob-p0.rd,zeroGrob-p0.rd
2,man/zeroGrob-i3.rd,zeroGrob-i3.rd
2,man/wrap_dims.Rd,wrap_dims.Rd
2,man/viewport-default-9e.rd,viewport-default-9e.rd
2,man/vars.Rd,vars.Rd
2,man/update-stat-defaults-vm.rd,update-stat-defaults-vm.rd
2,man/uniquecols-31.rd,uniquecols-31.rd
2,man/uneval-70.rd,uneval-70.rd
2,man/ulevels-ns.rd,ulevels-ns.rd
2,man/try-require-k4.rd,try-require-k4.rd
2,man/try-default-rw.rd,try-default-rw.rd
2,man/transform-position-mm.rd,transform-position-mm.rd
2,man/theme-rect-3g.rd,theme-rect-3g.rd
2,man/theme-line-9j.rd,theme-line-9j.rd
2,man/theme-element-update.Rd,theme-element-update.Rd
2,man/surround-viewports-ti.rd,surround-viewports-ti.rd
2,man/summary-ggplot-i5.rd,summary-ggplot-i5.rd
2,man/summary-ggplot-cv.rd,summary-ggplot-cv.rd
2,man/summarise-by-x-ek.rd,summarise-by-x-ek.rd
2,man/strips-on.rd,strips-on.rd
2,man/stat_sort_angle.rd,stat_sort_angle.rd
2,man/stat.Rd,stat.Rd
2,man/stairstep-pv.rd,stairstep-pv.rd
2,man/should-stop-xx.rd,should-stop-xx.rd
2,man/scientific-iu.rd,scientific-iu.rd
2,man/scientific-fz.rd,scientific-fz.rd
2,man/scale_type.Rd,scale_type.Rd
2,man/scale_transform.Rd,scale_transform.Rd
2,man/scale_train.position_d.Rd,scale_train.position_d.Rd
2,man/scale_steps.Rd,scale_steps.Rd
2,man/scale_sqrt.rd,scale_sqrt.rd
2,man/scale_size_discrete.rd,scale_size_discrete.rd
2,man/scale_reverse.rd,scale_reverse.rd
2,man/scale_probit.rd,scale_probit.rd
2,man/scale_pow10.rd,scale_pow10.rd
2,man/scale_map.position_d.Rd,scale_map.position_d.Rd
2,man/scale_map.position_c.Rd,scale_map.position_c.Rd
2,man/scale_map.Rd,scale_map.Rd
2,man/scale_logit.rd,scale_logit.rd
2,man/scale_log2.rd,scale_log2.rd
2,man/scale_log10.rd,scale_log10.rd
2,man/scale_log.rd,scale_log.rd
2,man/scale_linetype_discrete.Rd,scale_linetype_discrete.Rd
2,man/scale_labels.Rd,scale_labels.Rd
2,man/scale_inverse.rd,scale_inverse.rd
2,man/scale_exp.rd,scale_exp.rd
2,man/scale_dimension.position_d.Rd,scale_dimension.position_d.Rd
2,man/scale_continuouss.Rd,scale_continuouss.Rd
2,man/scale_colour.rd,scale_colour.rd
2,man/scale_clone.position_c.Rd,scale_clone.position_c.Rd
2,man/scale_breaks.Rd,scale_breaks.Rd
2,man/scale_atanh.rd,scale_atanh.rd
2,man/scale_asn.rd,scale_asn.rd
2,man/scale-usage-d1.rd,scale-usage-d1.rd
2,man/same-file-xm.rd,same-file-xm.rd
2,man/same-file-kx.rd,same-file-kx.rd
2,man/rweave.grobGrid.Rd,rweave.grobGrid.Rd
2,man/render_strips.Rd,render_strips.Rd
2,man/render_axes.Rd,render_axes.Rd
2,man/remove-missing-yz.rd,remove-missing-yz.rd
2,man/register_theme_elements.Rd,register_theme_elements.Rd
2,man/rect-to-poly-yg.rd,rect-to-poly-yg.rd
2,man/rdoc-path-7z.rd,rdoc-path-7z.rd
2,man/rdoc-from-html-dg.rd,rdoc-from-html-dg.rd
2,man/rdoc-from-html-55.rd,rdoc-from-html-55.rd
2,man/rdoc-auto-link-dq.rd,rdoc-auto-link-dq.rd
2,man/rbind.grobGrid.Rd,rbind.grobGrid.Rd
2,man/qplot-x7.rd,qplot-x7.rd
2,man/print.proto2.Rd,print.proto2.Rd
2,man/print.proto.Rd,print.proto.Rd
2,man/print.grobGrid.Rd,print.grobGrid.Rd
2,man/print-theme-d1.rd,print-theme-d1.rd
2,man/prettyplot-pe.rd,prettyplot-pe.rd
2,man/pos-stack-mt.rd,pos-stack-mt.rd
2,man/pos-dodge-7x.rd,pos-dodge-7x.rd
2,man/plot-theme-yk.rd,plot-theme-yk.rd
2,man/plot-layout-7j.rd,plot-layout-7j.rd
2,man/plot-grob-matrix-64.rd,plot-grob-matrix-64.rd
2,man/parse-unit-spec-is.rd,parse-unit-spec-is.rd
2,man/panels-default-r8.rd,panels-default-r8.rd
2,man/panelGrob-m5.rd,panelGrob-m5.rd
2,man/panelGrob-da.rd,panelGrob-da.rd
2,man/opts-mp.rd,opts-mp.rd
2,man/nullGrob-6r.rd,nullGrob-6r.rd
2,man/nice-ramp-4w.rd,nice-ramp-4w.rd
2,man/new-m1.rd,new-m1.rd
2,man/muted.Rd,muted.Rd
2,man/muted-z9.rd,muted-z9.rd
2,man/missing-colour-cz.rd,missing-colour-cz.rd
2,man/merge_element.Rd,merge_element.Rd
2,man/merge-legends-uz.rd,merge-legends-uz.rd
2,man/match-fun-null-p3.rd,match-fun-null-p3.rd
2,man/make-labels-m9.rd,make-labels-m9.rd
2,man/macros/aesthetics.Rd,aesthetics.Rd
2,man/locate_grid.Rd,locate_grid.Rd
2,man/layout_wrap.Rd,layout_wrap.Rd
2,man/layout_grid.Rd,layout_grid.Rd
2,man/layout_base.Rd,layout_base.Rd
2,man/label-value-vh.rd,label-value-vh.rd
2,man/label-both-o3.rd,label-both-o3.rd
2,man/is.proto2.Rd,is.proto2.Rd
2,man/is-integeric-nb.rd,is-integeric-nb.rd
2,man/is-discrete-93.rd,is-discrete-93.rd
2,man/is-calculated-aes-hy.rd,is-calculated-aes-hy.rd
2,man/interp-wb.rd,interp-wb.rd
2,man/interleave.unit.Rd,interleave.unit.Rd
2,man/inside-yp.rd,inside-yp.rd
2,man/html-template-create-2z.rd,html-template-create-2z.rd
2,man/html-index-hv.rd,html-index-hv.rd
2,man/html-index-create-dh.rd,html-index-create-dh.rd
2,man/html-autolink-index-to.rd,html-autolink-index-to.rd
2,man/hexGrob-ko.rd,hexGrob-ko.rd
2,man/hexBin-ir.rd,hexBin-ir.rd
2,man/guides-basic-vs.rd,guides-basic-vs.rd
2,man/guide_bins.Rd,guide_bins.Rd
2,man/guide_axis.Rd,guide_axis.Rd
2,man/guide-legends-sn.rd,guide-legends-sn.rd
2,man/guide-legend-pa.rd,guide-legend-pa.rd
2,man/guide-grid-nt.rd,guide-grid-nt.rd
2,man/grobRowHeight-m5.rd,grobRowHeight-m5.rd
2,man/grobGrid-kc.rd,grobGrid-kc.rd
2,man/grid.draw.grobGrid.Rd,grid.draw.grobGrid.Rd
2,man/ggtheme-2j.rd,ggtheme-2j.rd
2,man/ggstructure-qm.rd,ggstructure-qm.rd
2,man/ggplotGrob-yk.rd,ggplotGrob-yk.rd
2,man/ggplot2-grid.Rd,ggplot2-grid.Rd
2,man/ggplot-plot-1p.rd,ggplot-plot-1p.rd
2,man/ggplot-mt.rd,ggplot-mt.rd
2,man/ggplot-build-pz.rd,ggplot-build-pz.rd
2,man/ggpcp-f9.rd,ggpcp-f9.rd
2,man/ggorder-9w.rd,ggorder-9w.rd
2,man/ggorder-28.rd,ggorder-28.rd
2,man/ggname-hw.rd,ggname-hw.rd
2,man/ggmissing-km.rd,ggmissing-km.rd
2,man/ggmissing-2x.rd,ggmissing-2x.rd
2,man/gglegend-b8.rd,gglegend-b8.rd
2,man/ggdist-r8.rd,ggdist-r8.rd
2,man/ggdist-9n.rd,ggdist-9n.rd
2,man/ggaxis-vp-dh.rd,ggaxis-vp-dh.rd
2,man/ggaxis-ticks-go.rd,ggaxis-ticks-go.rd
2,man/ggaxis-line-7i.rd,ggaxis-line-7i.rd
2,man/ggaxis-labels-1g.rd,ggaxis-labels-1g.rd
2,man/gg-apply-65.rd,gg-apply-65.rd
2,man/geom-polylist-ea.rd,geom-polylist-ea.rd
2,man/frange-5j.rd,frange-5j.rd
2,man/fortify-4x.rd,fortify-4x.rd
2,man/format.proto2.Rd,format.proto2.Rd
2,man/force-matrix-sn.rd,force-matrix-sn.rd
2,man/floor-date-k0.rd,floor-date-k0.rd
2,man/find_panel.Rd,find_panel.Rd
2,man/figures/logo.png,logo.png
2,man/expand_scale.Rd,expand_scale.Rd
2,man/examples-profile-cp.rd,examples-profile-cp.rd
2,man/empty.Rd,empty.Rd
2,man/element_segment.Rd,element_segment.Rd
2,man/el_def.Rd,el_def.Rd
2,man/dist-polar-ep.rd,dist-polar-ep.rd
2,man/dist-euclidean-pr.rd,dist-euclidean-pr.rd
2,man/dim.grobGrid.Rd,dim.grobGrid.Rd
2,man/dhist-z7.rd,dhist-z7.rd
2,man/dhist-qj.rd,dhist-qj.rd
2,man/default-geom-e3.rd,default-geom-e3.rd
2,man/cweave.grobGrid.Rd,cweave.grobGrid.Rd
2,man/cweave-mh.rd,cweave-mh.rd
2,man/cut-interval-9h.rd,cut-interval-9h.rd
2,man/cut-interval-0w.rd,cut-interval-0w.rd
2,man/comma-ph.rd,comma-ph.rd
2,man/comma-1e.rd,comma-1e.rd
2,man/col-hcl-wa.rd,col-hcl-wa.rd
2,man/class-5g.rd,class-5g.rd
2,man/ceiling-date-j0.rd,ceiling-date-j0.rd
2,man/cbind.grobGrid.Rd,cbind.grobGrid.Rd
2,man/breaks-hr.rd,breaks-hr.rd
2,man/bolus-ggplot-ku.rd,bolus-ggplot-ku.rd
2,man/bidirection.Rd,bidirection.Rd
2,man/autolayer.Rd,autolayer.Rd
2,man/auto-wrap-py.rd,auto-wrap-py.rd
2,man/assign-viewports-wr.rd,assign-viewports-wr.rd
2,man/as.list.unit.Rd,as.list.unit.Rd
2,man/as.list.proto2.Rd,as.list.proto2.Rd
2,man/alpha.Rd,alpha.Rd
2,man/alpha-wb.rd,alpha-wb.rd
2,man/alpha-um.rd,alpha-um.rd
2,man/all-rdoc-pages-create-oa.rd,all-rdoc-pages-create-oa.rd
2,man/all-examples-run-ja.rd,all-examples-run-ja.rd
2,man/adjust-4b.rd,adjust-4b.rd
2,man/add-s1.rd,add-s1.rd
2,man/Geom.Rd,Geom.Rd
2,man/.Rapp.history,.Rapp.history
2,inst/tests/visual-violin.r,visual-violin.r
2,inst/tests/visual-minor-breaks.r,visual-minor-breaks.r
2,inst/tests/visual-lines.r,visual-lines.r
2,inst/tests/visual-coord-cartesian-with-limits.r,visual-coord-cartesian-with-limits.r
2,inst/tests/visual-aspect-ratio.r,visual-aspect-ratio.r
2,inst/tests/tests-aspect-ratio.r,tests-aspect-ratio.r
2,inst/tests/test-stats-function.r,test-stats-function.r
2,inst/tests/test-minor-breaks.r,test-minor-breaks.r
2,inst/tests/test-locate.r,test-locate.r
2,inst/tests/test-layout.r,test-layout.r
2,inst/tests/test-ggsave.R,test-ggsave.R
2,inst/tests/test-dotplot.r,test-dotplot.r
2,inst/tests/test-data.r,test-data.r
2,inst/tests/test-annotate.r,test-annotate.r
2,inst/tests/minor_breaks_05.png,minor_breaks_05.png
2,inst/tests/minor_breaks_04.png,minor_breaks_04.png
2,inst/tests/minor_breaks_03.png,minor_breaks_03.png
2,inst/tests/minor_breaks_02.png,minor_breaks_02.png
2,inst/tests/minor_breaks_01.png,minor_breaks_01.png
2,inst/tests/guide_axis_label_02.png,guide_axis_label_02.png
2,inst/tests/guide_axis_label_01.png,guide_axis_label_01.png
2,inst/tests/gtable_aspect_ratio_10.png,gtable_aspect_ratio_10.png
2,inst/tests/gtable_aspect_ratio_09.png,gtable_aspect_ratio_09.png
2,inst/tests/gtable_aspect_ratio_08.png,gtable_aspect_ratio_08.png
2,inst/tests/gtable_aspect_ratio_07.png,gtable_aspect_ratio_07.png
2,inst/tests/gtable_aspect_ratio_06.png,gtable_aspect_ratio_06.png
2,inst/tests/gtable_aspect_ratio_05.png,gtable_aspect_ratio_05.png
2,inst/tests/gtable_aspect_ratio_04.png,gtable_aspect_ratio_04.png
2,inst/tests/gtable_aspect_ratio_03.png,gtable_aspect_ratio_03.png
2,inst/tests/gtable_aspect_ratio_02.png,gtable_aspect_ratio_02.png
2,inst/tests/gtable_aspect_ratio_01.png,gtable_aspect_ratio_01.png
2,inst/tests/coord_cartesian_with_limits_4.png,coord_cartesian_with_limits_4.png
2,inst/tests/coord_cartesian_with_limits_3.png,coord_cartesian_with_limits_3.png
2,inst/tests/coord_cartesian_with_limits_2.png,coord_cartesian_with_limits_2.png
2,inst/tests/coord_cartesian_with_limits_1.png,coord_cartesian_with_limits_1.png
2,inst/test_ns/man/my_plot.Rd,my_plot.Rd
2,inst/test_ns/NAMESPACE,NAMESPACE
2,inst/test_ns/DESCRIPTION,DESCRIPTION
2,inst/staticdocs/head.html,head.html
2,inst/staticdocs/footer.html,footer.html
2,inst/staticdocs/README.md,README.md
2,icons/scale_size.png,scale_size.png
2,icons/scale_shape.png,scale_shape.png
2,icons/scale_linetype.png,scale_linetype.png
2,icons/scale_colour_manual.png,scale_colour_manual.png
2,icons/scale_colour_identity.png,scale_colour_identity.png
2,icons/scale_colour_hue.png,scale_colour_hue.png
2,icons/scale_colour_grey.png,scale_colour_grey.png
2,icons/scale_colour_gradient.png,scale_colour_gradient.png
2,icons/scale_colour_brewer.png,scale_colour_brewer.png
2,icons/scale_alpha.png,scale_alpha.png
2,icons/position_stack.png,position_stack.png
2,icons/position_jitter.png,position_jitter.png
2,icons/position_identity.png,position_identity.png
2,icons/position_fill.png,position_fill.png
2,icons/position_dodge.png,position_dodge.png
2,icons/geom_violin.png,geom_violin.png
2,icons/geom_tile.png,geom_tile.png
2,icons/geom_step.png,geom_step.png
2,icons/geom_smooth.png,geom_smooth.png
2,icons/geom_segment.png,geom_segment.png
2,icons/geom_ribbon.png,geom_ribbon.png
2,icons/geom_rect.png,geom_rect.png
2,icons/geom_raster.png,geom_raster.png
2,icons/geom_quantile.png,geom_quantile.png
2,icons/geom_polygon.png,geom_polygon.png
2,icons/geom_path.png,geom_path.png
2,icons/geom_linerange.png,geom_linerange.png
2,icons/geom_line.png,geom_line.png
2,icons/geom_histogram.png,geom_histogram.png
2,icons/geom_freqpoly.png,geom_freqpoly.png
2,icons/geom_dotplot.png,geom_dotplot.png
2,icons/geom_density.png,geom_density.png
2,icons/geom_crossbar.png,geom_crossbar.png
2,icons/geom_contour.png,geom_contour.png
2,icons/geom_boxplot.png,geom_boxplot.png
2,icons/geom_bar.png,geom_bar.png
2,icons/geom_area.png,geom_area.png
2,icons/geom_abline.png,geom_abline.png
2,icons/facet_grid.png,facet_grid.png
2,icons/coord_transform.png,coord_transform.png
2,icons/coord_polar.png,coord_polar.png
2,icons/coord_map.png,coord_map.png
2,icons/coord_flip.png,coord_flip.png
2,icons/coord_cartesian.png,coord_cartesian.png
2,expt/weighting.r,weighting.r
2,expt/utilities-scale.r,utilities-scale.r
2,expt/stat-sort-angle.r,stat-sort-angle.r
2,expt/map.r,map.r
2,data/presidents.rdata,presidents.rdata
2,data/economics_long.rda,economics_long.rda
2,data-raw/presidential.csv,presidential.csv
2,data-raw/movies.csv,movies.csv
2,data-raw/movies.R,movies.R
2,data-raw/economics.csv,economics.csv
2,appveyor.yml,appveyor.yml
2,README-example-1.png,README-example-1.png
2,R/themes-opts.r,themes-opts.r
2,R/theme-aaa.r,theme-aaa.r
2,R/stat-sort-angle.r,stat-sort-angle.r
2,R/scale-steps.R,scale-steps.R
2,R/scale-expansion.r,scale-expansion.r
2,R/scale-colour-grey.r,scale-colour-grey.r
2,R/guide-colorsteps.R,guide-colorsteps.R
2,R/geom-interval-line.r,geom-interval-line.r
2,R/geom-interval-.r,geom-interval-.r
2,R/compat-quosures.R,compat-quosures.R
2,R/aes-evaluation.r,aes-evaluation.r
2,ISSUE_TEMPLATE.md,ISSUE_TEMPLATE.md
2,.github/CODE_OF_CONDUCT.md,CODE_OF_CONDUCT.md
2,.DS_Store,.DS_Store
1,vignettes/theme-inheritance.png,theme-inheritance.png
1,vignettes/profilings/3.1.0.rds,3.1.0.rds
1,vignettes/car.png,car.png
1,tests/testthat/test-zzz.R,test-zzz.R
1,tests/testthat/test-stat-summary.R,test-stat-summary.R
1,tests/testthat/test-stat-ellipsis.R,test-stat-ellipsis.R
1,tests/testthat/test-stat-contour.R,test-stat-contour.R
1,tests/testthat/test-scale-expansion.r,test-scale-expansion.r
1,tests/testthat/test-scale-brewer.R,test-scale-brewer.R
1,tests/testthat/test-sanitise-dim.r,test-sanitise-dim.r
1,tests/testthat/test-grid-utils.R,test-grid-utils.R
1,tests/testthat/test-ggproto.R,test-ggproto.R
1,tests/testthat/test-geom-point.R,test-geom-point.R
1,tests/testthat/test-error.R,test-error.R
1,tests/testthat/test-draw-key.R,test-draw-key.R
1,tests/testthat/test-conditions.R,test-conditions.R
1,tests/testthat/.gitignore,.gitignore
1,tests/testthat.R,testthat.R
1,tests/test-all.R,test-all.R
1,tests/figs/themes/titles-aligned-to-entire-plot.svg,titles-aligned-to-entire-plot.svg
1,tests/figs/themes/title-aligned-to-entire-plot.svg,title-aligned-to-entire-plot.svg
1,tests/figs/themes/custom-strip-elements-can-render.svg,custom-strip-elements-can-render.svg
1,tests/figs/themes/caption-aligned-to-entire-plot.svg,caption-aligned-to-entire-plot.svg
1,tests/figs/sec-axis/sec-axis-datetime-scale.svg,sec-axis-datetime-scale.svg
1,tests/figs/legend-key-glyphs/rectangle-and-dotplot-key-glyphs.svg,rectangle-and-dotplot-key-glyphs.svg
1,tests/figs/guides/position-guide-titles.svg,position-guide-titles.svg
1,tests/figs/guides/guides-specified-in-guides.svg,guides-specified-in-guides.svg
1,tests/figs/guides/guide-coloursteps-looks-as-it-should.svg,guide-coloursteps-looks-as-it-should.svg
1,tests/figs/guides/guide-coloursteps-can-show-limits.svg,guide-coloursteps-can-show-limits.svg
1,tests/figs/guides/guide-coloursteps-can-have-bins-relative-to-binsize.svg,guide-coloursteps-can-have-bins-relative-to-binsize.svg
1,tests/figs/guides/guide-bins-work-horizontally.svg,guide-bins-work-horizontally.svg
1,tests/figs/guides/guide-bins-looks-as-it-should.svg,guide-bins-looks-as-it-should.svg
1,tests/figs/guides/guide-bins-can-show-ticks.svg,guide-bins-can-show-ticks.svg
1,tests/figs/guides/guide-bins-can-show-limits.svg,guide-bins-can-show-limits.svg
1,tests/figs/guides/guide-bins-can-show-arrows.svg,guide-bins-can-show-arrows.svg
1,tests/figs/guides/guide-bins-can-remove-axis.svg,guide-bins-can-remove-axis.svg
1,tests/figs/guides/guide-axis-customization.svg,guide-axis-customization.svg
1,tests/figs/guides/axis-guides-zero-rotation.svg,axis-guides-zero-rotation.svg
1,tests/figs/guides/axis-guides-zero-breaks.svg,axis-guides-zero-breaks.svg
1,tests/figs/guides/axis-guides-vertical-rotation.svg,axis-guides-vertical-rotation.svg
1,tests/figs/guides/axis-guides-vertical-negative-rotation.svg,axis-guides-vertical-negative-rotation.svg
1,tests/figs/guides/axis-guides-text-dodged-into-rows-cols.svg,axis-guides-text-dodged-into-rows-cols.svg
1,tests/figs/guides/axis-guides-positive-rotation.svg,axis-guides-positive-rotation.svg
1,tests/figs/guides/axis-guides-negative-rotation.svg,axis-guides-negative-rotation.svg
1,tests/figs/guides/axis-guides-check-overlap.svg,axis-guides-check-overlap.svg
1,tests/figs/guides/axis-guides-basic.svg,axis-guides-basic.svg
1,tests/figs/geom-polygon/basic-polygon-plot.svg,basic-polygon-plot.svg
1,tests/figs/geom-dotplot/variable-linetype-and-size-work-when-specified-as-aesthetics.svg,variable-linetype-and-size-work-when-specified-as-aesthetics.svg
1,tests/figs/coord-trans/sec-axis-with-coord-trans.svg,sec-axis-with-coord-trans.svg
1,tests/figs/coord-trans/basic-coord-trans-plot.svg,basic-coord-trans-plot.svg
1,tests/figs/coord-sf/no-panel-grid.svg,no-panel-grid.svg
1,tests/figs/coord-map/coord-map-switched-scale-position.svg,coord-map-switched-scale-position.svg
1,tests/figs/cartesian-coordinates/expand-range.svg,expand-range.svg
1,tests/figs/cartesian-coordinates/contract-range.svg,contract-range.svg
1,test/test-all.R,test-all.R
1,staticdocs/footer.html,footer.html
1,revdep/failures.md,failures.md
1,r/stat-aggr-hex.r,stat-aggr-hex.r
1,r/stat-aggr-2d.r,stat-aggr-2d.r
1,r/scale-discrete-colour.r,scale-discrete-colour.r
1,pkgdown/favicon/favicon.ico,favicon.ico
1,pkgdown/favicon/favicon-32x32.png,favicon-32x32.png
1,pkgdown/favicon/favicon-16x16.png,favicon-16x16.png
1,pkgdown/favicon/apple-touch-icon.png,apple-touch-icon.png
1,pkgdown/favicon/apple-touch-icon-76x76.png,apple-touch-icon-76x76.png
1,pkgdown/favicon/apple-touch-icon-60x60.png,apple-touch-icon-60x60.png
1,pkgdown/favicon/apple-touch-icon-180x180.png,apple-touch-icon-180x180.png
1,pkgdown/favicon/apple-touch-icon-152x152.png,apple-touch-icon-152x152.png
1,pkgdown/favicon/apple-touch-icon-120x120.png,apple-touch-icon-120x120.png
1,man/tryNULL-8u.rd,tryNULL-8u.rd
1,man/tidyeval.Rd,tidyeval.Rd
1,man/theme-update-yw.rd,theme-update-yw.rd
1,man/theme-gray-y1.rd,theme-gray-y1.rd
1,man/standardise_aes_names.Rd,standardise_aes_names.Rd
1,man/set_last_plot.Rd,set_last_plot.Rd
1,man/scale_alpha.rd,scale_alpha.rd
1,man/guide_none.Rd,guide_none.Rd
1,man/ggplot_add.Rd,ggplot_add.Rd
1,man/ggplot2-r6.Rd,ggplot2-r6.Rd
1,man/ggplot2-proto2.Rd,ggplot2-proto2.Rd
1,man/ggplot2-proto.Rd,ggplot2-proto.Rd
1,man/ggplot-do.rd,ggplot-do.rd
1,man/geom_quatile.Rd,geom_quatile.Rd
1,man/expansion.Rd,expansion.Rd
1,man/element_render.Rd,element_render.Rd
1,man/calc.Rd,calc.Rd
1,man/aes_q.Rd,aes_q.Rd
1,man/aes_eval.Rd,aes_eval.Rd
1,man/-f5.rd,-f5.rd
1,logo.png,logo.png
1,inst/tests/visual-scale-date.r,visual-scale-date.r
1,inst/tests/visual-scale-breaks.r,visual-scale-breaks.r
1,inst/tests/visual-guide-axis.r,visual-guide-axis.r
1,inst/tests/visual-geom-raster.r,visual-geom-raster.r
1,inst/tests/visual-geom-path.r,visual-geom-path.r
1,inst/tests/visual-dotplot.r,visual-dotplot.r
1,inst/tests/tests-guide-axis.r,tests-guide-axis.r
1,inst/tests/tests-coord-cartesian-with-limits.r,tests-coord-cartesian-with-limits.r
1,inst/tests/test-utilities.r,test-utilities.r
1,inst/tests/test-stat-density.R,test-stat-density.R
1,inst/tests/test-munch.r,test-munch.r
1,inst/tests/test-labels.r,test-labels.r
1,inst/tests/test-guide-position.r,test-guide-position.r
1,inst/tests/test-guide-axis.r,test-guide-axis.r
1,inst/tests/test-geom-text.R,test-geom-text.R
1,inst/tests/test-coord-train.r,test-coord-train.r
1,inst/tests/test-coord-cartesian-with-limits.r,test-coord-cartesian-with-limits.r
1,inst/tests/test-boxplot.r,test-boxplot.r
1,inst/tests/test-aspect-ratio.r,test-aspect-ratio.r
1,inst/tests/locate.r,locate.r
1,inst/tests/layout.r,layout.r
1,inst/.gitignore,.gitignore
1,icons/scale_colour_viridis_d.png,scale_colour_viridis_d.png
1,icons/scale_colour_viridis.png,scale_colour_viridis.png
1,icons/scale_colour_gradientn.png,scale_colour_gradientn.png
1,icons/scale_colour_gradient2.png,scale_colour_gradient2.png
1,icons/scale_colour_continuous.png,scale_colour_continuous.png
1,icons/geom_vline.png,geom_vline.png
1,icons/geom_spoke.png,geom_spoke.png
1,icons/geom_sf.png,geom_sf.png
1,icons/geom_rug.png,geom_rug.png
1,icons/geom_map.png,geom_map.png
1,icons/geom_hline.png,geom_hline.png
1,icons/geom_hex.png,geom_hex.png
1,icons/geom_errorbarh.png,geom_errorbarh.png
1,icons/geom_errorbar.png,geom_errorbar.png
1,icons/geom_count.png,geom_count.png
1,icons/geom_blank.png,geom_blank.png
1,icons/geom_bin2d.png,geom_bin2d.png
1,icons/facet_wrap.png,facet_wrap.png
1,icons/facet_null.png,facet_null.png
1,ggplot.Rproj,ggplot.Rproj
1,data/txhousing.rda,txhousing.rda
1,data/presidential.rdata,presidential.rdata
1,data/luv_colours.rda,luv_colours.rda
1,data/faithfuld.rda,faithfuld.rda
1,data-raw/tx-housing.csv,tx-housing.csv
1,data-raw/tx-housing.R,tx-housing.R
1,data-raw/seals.csv,seals.csv
1,data-raw/seals.R,seals.R
1,data-raw/presidential.R,presidential.R
1,data-raw/msleep.csv,msleep.csv
1,data-raw/msleep.R,msleep.R
1,data-raw/mpg.csv,mpg.csv
1,data-raw/mpg.R,mpg.R
1,data-raw/midwest.csv,midwest.csv
1,data-raw/midwest.R,midwest.R
1,data-raw/luv_colours.R,luv_colours.R
1,data-raw/faithfuld.R,faithfuld.R
1,data-raw/economics_raw/UNEMPLOY.csv,UNEMPLOY.csv
1,data-raw/economics_raw/UEMPMED.csv,UEMPMED.csv
1,data-raw/economics_raw/PSAVERT.csv,PSAVERT.csv
1,data-raw/economics_raw/POP.csv,POP.csv
1,data-raw/economics_raw/PCE.csv,PCE.csv
1,data-raw/diamonds.csv,diamonds.csv
1,data-raw/diamonds.R,diamonds.R
1,codecov.yml,codecov.yml
1,R/utilities-scale.r,utilities-scale.r
1,R/stat-aggr-hex.r,stat-aggr-hex.r
1,R/stat-aggr-2d.r,stat-aggr-2d.r
1,R/reshape-add-margins.R,reshape-add-margins.R
1,R/null-grob.r,null-grob.r
1,R/map.r,map.r
1,R/guides-none.r,guides-none.r
1,R/geom-hexagon.r,geom-hexagon.r
1,LICENSE.md,LICENSE.md
1,LICENSE,LICENSE
1,CODE_OF_CONDUCT.md,CODE_OF_CONDUCT.md
1,.github/move.yml,move.yml
1,.gitattributes,.gitattributes
